{
  "name": "allthemodium",
  "disable": false,
  "tier": 6,
  "color": "ffef0e",
  "armorPoints": 9,
  "enchantability": 25,
  "craftingMaterial": "tag:c:ingots/allthemodium",
  "rarity": 0,
  "capacity": 60000000,
  "usage": 1600,
  "speedVertical": 0.45,
  "accelVertical": 0.17,
  "speedSideways": 0.18,
  "speedHoverDescend": 0.35,
  "speedHover": 0.0025,
  "sprintSpeedMulti": 1.5,
  "sprintFuelMulti": 4.5,
  "creative": false,
  "sprintSpeedMultiVertical": 1.4,
  "toughness": 0,
  "knockbackResistance": 0,
  "speedHoverAscend": 0.45,
  "curios": true
}