{
  "name": "bronze",
  "disable": false,
  "tier": 2,
  "color": "da9839",
  "armorPoints": 3,
  "enchantability": 9,
  "craftingMaterial": "tag:c:ingots/bronze",
  "creative": false,
  "rarity": 0,
  "toughness": 0,
  "knockbackResistance": 0,
  "curios": true,
  "capacity": 120000,
  "usage": 120,
  "speedVertical": 0.2,
  "accelVertical": 0.12,
  "speedSideways": 0.12,
  "speedHoverAscend": 0.25,
  "speedHoverDescend": 0.25,
  "speedHover": 0.075,
  "sprintSpeedMulti": 1.1,
  "sprintSpeedMultiVertical": 1.05,
  "sprintFuelMulti": 2.1
}