{
  "name": "copper",
  "disable": false,
  "tier": 1,
  "color": "ee825b",
  "armorPoints": 2,
  "enchantability": 12,
  "craftingMaterial": "tag:c:ingots/copper",
  "creative": false,
  "rarity": 0,
  "toughness": 0,
  "knockbackResistance": 0,
  "curios": true,
  "capacity": 75000,
  "usage": 80,
  "speedVertical": 0.16,
  "accelVertical": 0.11,
  "speedSideways": 0.07,
  "speedHoverAscend": 0.21,
  "speedHoverDescend": 0.25,
  "speedHover": 0.1,
  "sprintSpeedMulti": 1.05,
  "sprintSpeedMultiVertical": 1.025,
  "sprintFuelMulti": 1.2
}