{
  "name": "creative",
  "disable": false,
  "tier": -1,
  "color": "cf1ae9",
  "armorPoints": 8,
  "enchantability": 0,
  "craftingMaterial": "null",
  "creative": true,
  "rarity": 3,
  "toughness": 0,
  "knockbackResistance": 0,
  "curios": true,
  "capacity": 0,
  "usage": 0,
  "speedVertical": 0.6,
  "accelVertical": 0.2,
  "speedSideways": 0.25,
  "speedHoverAscend": 0.7,
  "speedHoverDescend": 0.6,
  "speedHover": 0,
  "sprintSpeedMulti": 2,
  "sprintSpeedMultiVertical": 1.6,
  "sprintFuelMulti": 0
}