{
  "name": "diamond",
  "disable": false,
  "tier": 4,
  "color": "4cf4e0",
  "armorPoints": 4,
  "enchantability": 10,
  "craftingMaterial": "tag:c:gems/diamond",
  "creative": false,
  "rarity": 0,
  "toughness": 0,
  "knockbackResistance": 0,
  "curios": true,
  "capacity": 5000000,
  "usage": 600,
  "speedVertical": 0.35,
  "accelVertical": 0.15,
  "speedSideways": 0.16,
  "speedHoverAscend": 0.35,
  "speedHoverDescend": 0.25,
  "speedHover": 0.02,
  "sprintSpeedMulti": 1.3,
  "sprintSpeedMultiVertical": 1.2,
  "sprintFuelMulti": 3.5
}