{
  "name": "electrum",
  "disable": false,
  "tier": 3,
  "color": "f6f395",
  "armorPoints": 2,
  "enchantability": 18,
  "craftingMaterial": "tag:c:ingots/electrum",
  "creative": false,
  "rarity": 0,
  "toughness": 0,
  "knockbackResistance": 0,
  "curios": true,
  "capacity": 500000,
  "usage": 310,
  "speedVertical": 0.31,
  "accelVertical": 0.13,
  "speedSideways": 0.14,
  "speedHoverAscend": 0.32,
  "speedHoverDescend": 0.25,
  "speedHover": 0.03,
  "sprintSpeedMulti": 1.25,
  "sprintSpeedMultiVertical": 1.125,
  "sprintFuelMulti": 3.2
}