{
  "name": "emerald",
  "disable": false,
  "tier": 5,
  "color": "4dd979",
  "armorPoints": 4,
  "enchantability": 15,
  "craftingMaterial": "tag:c:gems/emerald",
  "creative": false,
  "rarity": 0,
  "toughness": 0,
  "knockbackResistance": 0,
  "curios": true,
  "capacity": 12500000,
  "usage": 900,
  "speedVertical": 0.4,
  "accelVertical": 0.16,
  "speedSideways": 0.17,
  "speedHoverAscend": 0.4,
  "speedHoverDescend": 0.25,
  "speedHover": 0.01,
  "sprintSpeedMulti": 1.35,
  "sprintSpeedMultiVertical": 1.3,
  "sprintFuelMulti": 4
}