{
  "name": "gold",
  "disable": false,
  "tier": 3,
  "color": "f9eb59",
  "armorPoints": 2,
  "enchantability": 25,
  "craftingMaterial": "tag:c:ingots/gold",
  "creative": false,
  "rarity": 0,
  "toughness": 0,
  "knockbackResistance": 0,
  "curios": true,
  "capacity": 400000,
  "usage": 300,
  "speedVertical": 0.3,
  "accelVertical": 0.13,
  "speedSideways": 0.14,
  "speedHoverAscend": 0.3,
  "speedHoverDescend": 0.25,
  "speedHover": 0.03,
  "sprintSpeedMulti": 1.25,
  "sprintSpeedMultiVertical": 1.1,
  "sprintFuelMulti": 3
}