{
  "name": "platinum",
  "disable": false,
  "tier": 4,
  "color": "a6e9ff",
  "armorPoints": 4,
  "enchantability": 12,
  "craftingMaterial": "tag:c:ingots/platinum",
  "creative": false,
  "rarity": 0,
  "toughness": 0,
  "knockbackResistance": 0,
  "curios": true,
  "capacity": 7000000,
  "usage": 700,
  "speedVertical": 0.36,
  "accelVertical": 0.15,
  "speedSideways": 0.16,
  "speedHoverAscend": 0.35,
  "speedHoverDescend": 0.25,
  "speedHover": 0.02,
  "sprintSpeedMulti": 1.3,
  "sprintSpeedMultiVertical": 1.225,
  "sprintFuelMulti": 3.7
}