{
  "name": "stone",
  "disable": false,
  "tier": 1,
  "color": "7f7f7f",
  "armorPoints": 2,
  "enchantability": 12,
  "craftingMaterial": "tag:c:stones",
  "creative": false,
  "rarity": 0,
  "toughness": 0,
  "knockbackResistance": 0,
  "curios": true,
  "capacity": 50000,
  "usage": 64,
  "speedVertical": 0.15,
  "accelVertical": 0.11,
  "speedSideways": 0.06,
  "speedHoverAscend": 0.2,
  "speedHoverDescend": 0.25,
  "speedHover": 0.1,
  "sprintSpeedMulti": 1,
  "sprintSpeedMultiVertical": 1,
  "sprintFuelMulti": 1
}
