{
  "name": "unobtainium",
  "disable": false,
  "tier": 8,
  "color": "d152e3",
  "armorPoints": 15,
  "enchantability": 25,
  "craftingMaterial": "tag:c:ingots/unobtainium",
  "rarity": 0,
  "capacity": 180000000,
  "usage": 4000,
  "speedVertical": 0.55,
  "accelVertical": 0.2,
  "speedSideways": 0.21,
  "speedHoverDescend": 0.45,
  "speedHover": 0,
  "sprintSpeedMulti": 1.7,
  "sprintFuelMulti": 5.5,
  "creative": false,
  "sprintSpeedMultiVertical": 1.5,
  "toughness": 0,
  "knockbackResistance": 0,
  "speedHoverAscend": 0.55,
  "curios": true
}