{
  "name": "vibranium",
  "disable": false,
  "tier": 7,
  "color": "26de88",
  "armorPoints": 12,
  "enchantability": 25,
  "craftingMaterial": "tag:c:ingots/vibranium",
  "rarity": 0,
  "capacity": 120000000,
  "usage": 2700,
  "speedVertical": 0.5,
  "accelVertical": 0.18,
  "speedSideways": 0.19,
  "speedHoverDescend": 0.4,
  "speedHover": 0,
  "sprintSpeedMulti": 1.6,
  "sprintFuelMulti": 5,
  "creative": false,
  "sprintSpeedMultiVertical": 1.45,
  "toughness": 0,
  "knockbackResistance": 0,
  "speedHoverAscend": 0.5,
  "curios": true
}