{
  "ae2:base_cablebusblockentity": null,
  "ae2:charger": null,
  "ae2:crafting_monitor": null,
  "ae2:debug": null,
  "ae2:grid_node": null,
  "ae2:grid_node_state": null,
  "ae2:part_icon": null,
  "ae2:part_mod_name": null,
  "ae2:part_name": null,
  "ae2:part_tooltip": null,
  "ae2:pattern_provider": null,
  "ae2:power_storage": null,
  "allthemodium:teleport_pad": null,
  "apotheosis:adventure": null,
  "apothic_enchanting:ench": null,
  "apothic_spawners:spawner": null,
  "ars_nouveau:mob_jar": null,
  "balm:jade": null,
  "cookingforblockheads:fridge": null,
  "cookingforblockheads:milk_jar": null,
  "cookingforblockheads:oven": null,
  "cookingforblockheads:preservation_chamber": null,
  "cookingforblockheads:sink": null,
  "cookingforblockheads:toaster": null,
  "crystalix:crystalix_block": null,
  "dimstorage:dim_block_base": null,
  "dimstorage:dim_tank": null,
  "easy_villagers:breeder": null,
  "easy_villagers:converter": null,
  "easy_villagers:villager": null,
  "entangled:entangled_block_component": null,
  "extendedae:jade_chamber": null,
  "extendedae:jade_wireless": null,
  "extendedae:tile_data": null,
  "extrastorage:advanced_crafter": null,
  "framedblocks:framed_block_generic": null,
  "framedblocks:framed_item_frame": null,
  "ftbquests:barrier": null,
  "functionalstorage:armory": null,
  "functionalstorage:drawer": null,
  "iceandfire:dragon": null,
  "iceandfire:multipart": null,
  "immersiveengineering:multiblock_icon": null,
  "immersiveengineering:multiblock_inventory": null,
  "immersiveengineering:multiblock_tank": null,
  "integrateddynamicscompat:drying_basin": null,
  "integrateddynamicscompat:mechanical_drying_basin": null,
  "integrateddynamicscompat:mechanical_squeezer": null,
  "integrateddynamicscompat:part": null,
  "integrateddynamicscompat:proxy": null,
  "integrateddynamicscompat:squeezer": null,
  "jade:block_face": null,
  "jade:block_properties": null,
  "jade:block_states": null,
  "jade:distance": null,
  "jade:mod_name": null,
  "jade:object_name": null,
  "jade:registry_name": null,
  "jade_access:block": null,
  "jade_access:block_amount": null,
  "jade_access:block_body": null,
  "jade_access:entity": null,
  "jade_access:entity_body": null,
  "jade_access:entity_variant": null,
  "jade_access:held_item": null,
  "jade_access:sign": null,
  "mekanism:data_provider": null,
  "mekanism:entity_data_provider": null,
  "mekanism:remove_builtin": null,
  "mekanism:tooltip_renderer": null,
  "mekanismcovers:cover_component": null,
  "minecraft:animal_owner": null,
  "minecraft:armor_stand": null,
  "minecraft:beehive": null,
  "minecraft:block_display": null,
  "minecraft:brewing_stand": null,
  "minecraft:campfire": null,
  "minecraft:chiseled_bookshelf": null,
  "minecraft:command_block": null,
  "minecraft:crop_progress": null,
  "minecraft:enchantment_power": null,
  "minecraft:energy_storage": null,
  "minecraft:energy_storage.default": null,
  "minecraft:entity_armor": null,
  "minecraft:entity_health": null,
  "minecraft:falling_block": null,
  "minecraft:fluid_storage": null,
  "minecraft:fluid_storage.default": null,
  "minecraft:furnace": null,
  "minecraft:harvest_tool": null,
  "minecraft:hopper_lock": null,
  "minecraft:horse_stats": null,
  "minecraft:item_ber": null,
  "minecraft:item_display": null,
  "minecraft:item_frame": null,
  "minecraft:item_storage": null,
  "minecraft:item_storage.default": null,
  "minecraft:item_tooltip": null,
  "minecraft:jukebox": null,
  "minecraft:lectern": null,
  "minecraft:mob_breeding": null,
  "minecraft:mob_growth": null,
  "minecraft:mob_spawner": null,
  "minecraft:mob_spawner.cooldown": null,
  "minecraft:next_entity_drop": null,
  "minecraft:note_block": null,
  "minecraft:painting": null,
  "minecraft:player_head": null,
  "minecraft:potion_effects": null,
  "minecraft:progress": null,
  "minecraft:redstone": null,
  "minecraft:tnt_stability": null,
  "minecraft:total_enchantment_power": null,
  "minecraft:villager_profession": null,
  "minecraft:waxed": null,
  "minecraft:zombie_villager": null,
  "modern_industrialization:machine": null,
  "modern_industrialization:overclock": null,
  "modern_industrialization:pipe": null,
  "modern_industrialization:tank": null,
  "moderndynamics:item_pipe": null,
  "modular_machinery_reborn:machine_component_provider": null,
  "modular_machinery_reborn:machine_server_data_provider": null,
  "modularrouters:router": null,
  "mysticalagradditions:infused_farmland": null,
  "mysticalagriculture:crop": null,
  "mysticalagriculture:inferium_crop": null,
  "mysticalagriculture:infused_farmland": null,
  "occultism:foliot": null,
  "occultism:sacrificial": null,
  "oritech:machine_core_controller": null,
  "pipez:pipe": null,
  "pneumaticcraft:camo": null,
  "pneumaticcraft:entity": null,
  "pneumaticcraft:pneumatic": null,
  "pneumaticcraft:redstone": null,
  "pneumaticcraft:semiblock": null,
  "pneumaticcraft:tube_module": null,
  "productivebees:bee": null,
  "productivebees:canvas_beehive": null,
  "productivebees:solitary_nest": null,
  "productivemetalworks:casting": null,
  "railcraft:locomotive": null,
  "railcraft:signals": null,
  "railcraft:switch_track": null,
  "railcraft:track_component": null,
  "reliquary:altar": null,
  "reliquary:cauldron": null,
  "reliquary:mortar": null,
  "reliquary:pedestal": null,
  "securitycraft:block_info": null,
  "securitycraft:entity_info": null,
  "supplementaries:hat_stand": null,
  "supplementaries:present": null,
  "supplementaries:safe": null,
  "tempad:anchor": null,
  "tempad:chronon": null,
  "tempad:metronome": null,
  "tempad:rudimentary": null,
  "tempad:timedoor": null,
  "tempad:workstation": null,
  "theurgy:mercury_flux": null,
  "tombstone:decorative_graves": null,
  "tombstone:player_graves": null,
  "treetap:tap": null,
  "twilightforest:chiseled_bookshelf_spawner": null,
  "twilightforest:quest_ram_wool": null,
  "waystones:waystone": null,
  "xycraft:energy_pipe_debug": null,
  "xycraft:extractor_component": null,
  "xycraft:extractor_output": null,
  "xycraft:tank_component": null
}