{
  "neoforge-21.1.203 (modloader)": {
    "jarName": "neoforge-21.1.203 (modloader)",
    "modId": "neoforge",
    "version": "neoforge-21.1.203"
  },
  "[1.21.1] SecurityCraft v1.10.jar": {
    "jarName": "[1.21.1] SecurityCraft v1.10.jar",
    "modId": "securitycraft",
    "version": "1.10"
  },
  "[neoforge]ctov-3.5.9a.jar": {
    "jarName": "[neoforge]ctov-3.5.9a.jar",
    "modId": "ctov",
    "version": "3.5.9a"
  },
  "accelerated-decay-neoforge-21.0.0.jar": {
    "jarName": "accelerated-decay-neoforge-21.0.0.jar",
    "modId": "accelerateddecay",
    "version": "21.0.0"
  },
  "accessories-neoforge-1.1.0-beta.48+1.21.1.jar": {
    "jarName": "accessories-neoforge-1.1.0-beta.48+1.21.1.jar",
    "modId": "accessories",
    "version": "1.1.0-beta.48+1.21.1"
  },
  "actuallyadditions-1.3.19+mc1.21.1.jar": {
    "jarName": "actuallyadditions-1.3.19+mc1.21.1.jar",
    "modId": "actuallyadditions",
    "version": "1.3.19"
  },
  "additional_lights-neoforge-1.21-2.1.10.jar": {
    "jarName": "additional_lights-neoforge-1.21-2.1.10.jar",
    "modId": "additional_lights",
    "version": "2.1.10"
  },
  "AdditionalEnchantedMiner-1.21.1-neoforge-21.1.130.jar": {
    "jarName": "AdditionalEnchantedMiner-1.21.1-neoforge-21.1.130.jar",
    "modId": "quarryplus",
    "version": "21.1.130"
  },
  "AdvancedAE-1.2.5-1.21.1.jar": {
    "jarName": "AdvancedAE-1.2.5-1.21.1.jar",
    "modId": "advanced_ae",
    "version": "1.2.5-1.21.1"
  },
  "AdvancedPeripherals-1.21.1-0.7.56b.jar": {
    "jarName": "AdvancedPeripherals-1.21.1-0.7.56b.jar",
    "modId": "advancedperipherals",
    "version": "0.7.56b"
  },
  "ae2ct-1.21.1-1.1.0.jar": {
    "jarName": "ae2ct-1.21.1-1.1.0.jar",
    "modId": "ae2ct",
    "version": "1.21.1-1.1.0"
  },
  "ae2importexportcard-1.21-1.4.0.jar": {
    "jarName": "ae2importexportcard-1.21-1.4.0.jar",
    "modId": "ae2importexportcard",
    "version": "1.21-1.4.0"
  },
  "ae2jeiintegration-1.2.0.jar": {
    "jarName": "ae2jeiintegration-1.2.0.jar",
    "modId": "ae2jeiintegration",
    "version": "1.2.0"
  },
  "AE2NetworkAnalyzer-1.21-2.1.3-neoforge.jar": {
    "jarName": "AE2NetworkAnalyzer-1.21-2.1.3-neoforge.jar",
    "modId": "ae2netanalyser",
    "version": "1.21-2.1.3-neoforge"
  },
  "ae2wtlib-19.2.5.jar": {
    "jarName": "ae2wtlib-19.2.5.jar",
    "modId": "ae2wtlib",
    "version": "19.2.5"
  },
  "aeinfinitybooster-neoforge-1.21.1-1.0.0.52.jar": {
    "jarName": "aeinfinitybooster-neoforge-1.21.1-1.0.0.52.jar",
    "modId": "aeinfinitybooster",
    "version": "1.21.1-1.0.0.52"
  },
  "aether-1.21.1-1.5.9-neoforge.jar": {
    "jarName": "aether-1.21.1-1.5.9-neoforge.jar",
    "modId": "aether",
    "version": "1.5.9"
  },
  "AI-Improvements-1.21-0.5.3.jar": {
    "jarName": "AI-Improvements-1.21-0.5.3.jar",
    "modId": "aiimprovements",
    "version": "0.5.3"
  },
  "AkashicTome-1.8-29.jar": {
    "jarName": "AkashicTome-1.8-29.jar",
    "modId": "akashictome",
    "version": "1.8-29"
  },
  "allthearcanistgear-1.21.1-21.3.0.jar": {
    "jarName": "allthearcanistgear-1.21.1-21.3.0.jar",
    "modId": "allthearcanistgear",
    "version": "1.21.1-21.3.0"
  },
  "allthecompressed-1.21.1-4.3.0.jar": {
    "jarName": "allthecompressed-1.21.1-4.3.0.jar",
    "modId": "allthecompressed",
    "version": "4.3.0"
  },
  "alltheleaks-1.0.0+1.21.1-neoforge.jar": {
    "jarName": "alltheleaks-1.0.0+1.21.1-neoforge.jar",
    "modId": "alltheleaks",
    "version": "1.0.0+1.21.1-neoforge"
  },
  "allthemodium-2.9.3_mc_1.21.1.jar": {
    "jarName": "allthemodium-2.9.3_mc_1.21.1.jar",
    "modId": "allthemodium",
    "version": "2.9.3"
  },
  "alltheores-3.1.7_neoforge_1.21.1.jar": {
    "jarName": "alltheores-3.1.7_neoforge_1.21.1.jar",
    "modId": "alltheores",
    "version": "3.1.7"
  },
  "allthetweaks-1.21.1-2.6.8.jar": {
    "jarName": "allthetweaks-1.21.1-2.6.8.jar",
    "modId": "allthetweaks",
    "version": "2.6.8"
  },
  "allthewizardgear-1.21.1-1.1.11.jar": {
    "jarName": "allthewizardgear-1.21.1-1.1.11.jar",
    "modId": "allthewizardgear",
    "version": "1.21.1-1.1.11"
  },
  "almostunified-neoforge-1.21.1-1.3.0.jar": {
    "jarName": "almostunified-neoforge-1.21.1-1.3.0.jar",
    "modId": "almostunified",
    "version": "1.21.1-1.3.0"
  },
  "amendments-1.21-2.0.5-neoforge.jar": {
    "jarName": "amendments-1.21-2.0.5-neoforge.jar",
    "modId": "amendments",
    "version": "1.21-2.0.5"
  },
  "Apotheosis-1.21.1-8.3.6.jar": {
    "jarName": "Apotheosis-1.21.1-8.3.6.jar",
    "modId": "apotheosis",
    "version": "8.3.6"
  },
  "ApothicAttributes-1.21.1-2.9.0.jar": {
    "jarName": "ApothicAttributes-1.21.1-2.9.0.jar",
    "modId": "apothic_attributes",
    "version": "2.9.0"
  },
  "ApothicEnchanting-1.21.1-1.4.4.jar": {
    "jarName": "ApothicEnchanting-1.21.1-1.4.4.jar",
    "modId": "apothic_enchanting",
    "version": "1.4.4"
  },
  "ApothicSpawners-1.21.1-1.3.2.jar": {
    "jarName": "ApothicSpawners-1.21.1-1.3.2.jar",
    "modId": "apothic_spawners",
    "version": "1.3.2"
  },
  "appleskin-neoforge-mc1.21-3.0.7.jar": {
    "jarName": "appleskin-neoforge-mc1.21-3.0.7.jar",
    "modId": "appleskin",
    "version": "3.0.7+mc1.21"
  },
  "Applied-Mekanistics-1.6.2.jar": {
    "jarName": "Applied-Mekanistics-1.6.2.jar",
    "modId": "appmek",
    "version": "1.6.2"
  },
  "appliedenergistics2-19.2.15.jar": {
    "jarName": "appliedenergistics2-19.2.15.jar",
    "modId": "ae2",
    "version": "19.2.15"
  },
  "AppliedFlux-1.21-2.1.3-neoforge.jar": {
    "jarName": "AppliedFlux-1.21-2.1.3-neoforge.jar",
    "modId": "appflux",
    "version": "1.21-2.1.3-neoforge"
  },
  "Aquaculture-1.21.1-2.7.14.jar": {
    "jarName": "Aquaculture-1.21.1-2.7.14.jar",
    "modId": "aquaculture",
    "version": "2.7.14"
  },
  "architectury-13.0.8-neoforge.jar": {
    "jarName": "architectury-13.0.8-neoforge.jar",
    "modId": "architectury",
    "version": "13.0.8"
  },
  "ars_additions-1.21.1-21.2.2.jar": {
    "jarName": "ars_additions-1.21.1-21.2.2.jar",
    "modId": "ars_additions",
    "version": "1.21.1-21.2.2"
  },
  "ars_controle-1.21.1-1.6.9.jar": {
    "jarName": "ars_controle-1.21.1-1.6.9.jar",
    "modId": "ars_controle",
    "version": "1.21.1-1.6.9"
  },
  "ars_creo-1.21.1-5.1.0.jar": {
    "jarName": "ars_creo-1.21.1-5.1.0.jar",
    "modId": "ars_creo",
    "version": "5.1.0"
  },
  "ars_elemancy-1.21.1-1.10.jar": {
    "jarName": "ars_elemancy-1.21.1-1.10.jar",
    "modId": "ars_elemancy",
    "version": "1.10"
  },
  "ars_elemental-1.21.1-0.7.5.0.1.jar": {
    "jarName": "ars_elemental-1.21.1-0.7.5.0.1.jar",
    "modId": "ars_elemental",
    "version": "0.7.5.0.1"
  },
  "ars_nouveau-1.21.1-5.10.3.jar": {
    "jarName": "ars_nouveau-1.21.1-5.10.3.jar",
    "modId": "ars_nouveau",
    "version": "5.10.3"
  },
  "ars_ocultas-1.21.1-2.2.0.jar": {
    "jarName": "ars_ocultas-1.21.1-2.2.0.jar",
    "modId": "ars_ocultas",
    "version": "2.2.0"
  },
  "ars_polymorphia-1.0.3.jar": {
    "jarName": "ars_polymorphia-1.0.3.jar",
    "modId": "ars_polymorphia",
    "version": "1.0.3"
  },
  "ars_technica-1.21.1-2.3.0.jar": {
    "jarName": "ars_technica-1.21.1-2.3.0.jar",
    "modId": "ars_technica",
    "version": "2.3.0"
  },
  "ars_unification-1.2.16.jar": {
    "jarName": "ars_unification-1.2.16.jar",
    "modId": "ars_unification",
    "version": "1.2.16"
  },
  "arseng-2.1.1-beta.jar": {
    "jarName": "arseng-2.1.1-beta.jar",
    "modId": "arseng",
    "version": "2.1.1-beta"
  },
  "artifacts-neoforge-13.0.7.jar": {
    "jarName": "artifacts-neoforge-13.0.7.jar",
    "modId": "artifacts",
    "version": "13.0.7"
  },
  "athena-neoforge-1.21-4.0.2.jar": {
    "jarName": "athena-neoforge-1.21-4.0.2.jar",
    "modId": "athena",
    "version": "4.0.2"
  },
  "atlas_api-1.21.1-1.2.0.jar": {
    "jarName": "atlas_api-1.21.1-1.2.0.jar",
    "modId": "atlas_api",
    "version": "1.21.1-1.2.0"
  },
  "attributefix-neoforge-1.21.1-21.1.2.jar": {
    "jarName": "attributefix-neoforge-1.21.1-21.1.2.jar",
    "modId": "attributefix",
    "version": "21.1.2"
  },
  "Auroras-1.21-1.6.2.jar": {
    "jarName": "Auroras-1.21-1.6.2.jar",
    "modId": "auroras",
    "version": "1.6.2"
  },
  "balm-neoforge-1.21.1-21.0.49.jar": {
    "jarName": "balm-neoforge-1.21.1-21.0.49.jar",
    "modId": "balm",
    "version": "21.0.49"
  },
  "baubley-heart-canisters-1.21.1-1.2.2.jar": {
    "jarName": "baubley-heart-canisters-1.21.1-1.2.2.jar",
    "modId": "bhc",
    "version": "1.21.1-1.2.2"
  },
  "bcc-21.1.3+mc1.21.1.jar": {
    "jarName": "bcc-21.1.3+mc1.21.1.jar",
    "modId": "bcc",
    "version": "21.1.3"
  },
  "bellsandwhistles-0.4.7-1.21.1.jar": {
    "jarName": "bellsandwhistles-0.4.7-1.21.1.jar",
    "modId": "bellsandwhistles",
    "version": "0.4.7-1.21.1"
  },
  "BetterAdvancements-NeoForge-1.21.1-0.4.3.21.jar": {
    "jarName": "BetterAdvancements-NeoForge-1.21.1-0.4.3.21.jar",
    "modId": "betteradvancements",
    "version": "0.4.3.21"
  },
  "bibliobiomes-1.21.1-1.6.0.jar": {
    "jarName": "bibliobiomes-1.21.1-1.6.0.jar",
    "modId": "bibliobiomes",
    "version": "1.6.0"
  },
  "bibliocraft-1.21.1-1.6.1.jar": {
    "jarName": "bibliocraft-1.21.1-1.6.1.jar",
    "modId": "bibliocraft",
    "version": "1.6.1"
  },
  "bibliowoods-1.21.1-1.6.0.jar": {
    "jarName": "bibliowoods-1.21.1-1.6.0.jar",
    "modId": "bibliowoods",
    "version": "1.6.0"
  },
  "blockui-1.0.204-1.21.1-snapshot.jar": {
    "jarName": "blockui-1.0.204-1.21.1-snapshot.jar",
    "modId": "blockui",
    "version": "1.0.204-1.21.1-snapshot"
  },
  "blueflame-1.21.1-1.1.1.jar": {
    "jarName": "blueflame-1.21.1-1.1.1.jar",
    "modId": "blueflame",
    "version": "1.21.1-1.1.1"
  },
  "bookshelf-neoforge-1.21.1-21.1.68.jar": {
    "jarName": "bookshelf-neoforge-1.21.1-21.1.68.jar",
    "modId": "bookshelf",
    "version": "21.1.68"
  },
  "botanypots-neoforge-1.21.1-21.1.38.jar": {
    "jarName": "botanypots-neoforge-1.21.1-21.1.38.jar",
    "modId": "botanypots",
    "version": "21.1.38"
  },
  "botanypotsmystical-neoforge-1.21.1-21.1.8.jar": {
    "jarName": "botanypotsmystical-neoforge-1.21.1-21.1.8.jar",
    "modId": "botanypotsmystical",
    "version": "21.1.8"
  },
  "botanytrees-neoforge-1.21.1-21.1.1.jar": {
    "jarName": "botanytrees-neoforge-1.21.1-21.1.1.jar",
    "modId": "botanytrees",
    "version": "21.1.1"
  },
  "BrandonsCore-1.21.1-3.2.1.307.jar": {
    "jarName": "BrandonsCore-1.21.1-3.2.1.307.jar",
    "modId": "brandonscore",
    "version": "3.2.1.307"
  },
  "BridgingMod-2.6.2+1.21.1.neoforge-release.jar": {
    "jarName": "BridgingMod-2.6.2+1.21.1.neoforge-release.jar",
    "modId": "bridgingmod",
    "version": "2.6.2+1.21.1"
  },
  "buildinggadgets2-1.3.9.jar": {
    "jarName": "buildinggadgets2-1.3.9.jar",
    "modId": "buildinggadgets2",
    "version": "1.3.9"
  },
  "bwncr-neoforge-1.21.1-3.20.3.jar": {
    "jarName": "bwncr-neoforge-1.21.1-3.20.3.jar",
    "modId": "bwncr",
    "version": "3.20.3"
  },
  "Byzantine-1.21.1-36.jar": {
    "jarName": "Byzantine-1.21.1-36.jar",
    "modId": "byzantine",
    "version": "36"
  },
  "cabletiers-neoforge-1.21.1-0.2.6.jar": {
    "jarName": "cabletiers-neoforge-1.21.1-0.2.6.jar",
    "modId": "cabletiers",
    "version": "1.21.1-0.2.6"
  },
  "caelus-neoforge-7.0.1+1.21.1.jar": {
    "jarName": "caelus-neoforge-7.0.1+1.21.1.jar",
    "modId": "caelus",
    "version": "7.0.1+1.21.1"
  },
  "camol-1.21.1-0.3.0.jar": {
    "jarName": "camol-1.21.1-0.3.0.jar",
    "modId": "camol",
    "version": "1.21.1-0.3.0"
  },
  "catjammies-1.21-1.7.1.jar": {
    "jarName": "catjammies-1.21-1.7.1.jar",
    "modId": "catjammies",
    "version": "1.21-1.7.1"
  },
  "cc-tweaked-1.21.1-forge-1.113.1.jar": {
    "jarName": "cc-tweaked-1.21.1-forge-1.113.1.jar",
    "modId": "computercraft",
    "version": "1.113.1"
  },
  "cc-tweaked-1.21.1-forge-1.116.1.jar": {
    "jarName": "cc-tweaked-1.21.1-forge-1.116.1.jar",
    "modId": "computercraft",
    "version": "1.116.1"
  },
  "charginggadgets-1.14.1.jar": {
    "jarName": "charginggadgets-1.14.1.jar",
    "modId": "charginggadgets",
    "version": "1.14.1"
  },
  "chipped-neoforge-1.21.1-4.0.2.jar": {
    "jarName": "chipped-neoforge-1.21.1-4.0.2.jar",
    "modId": "chipped",
    "version": "4.0.2"
  },
  "chisel-neoforge-2.0.0+mc1.21.1.jar": {
    "jarName": "chisel-neoforge-2.0.0+mc1.21.1.jar",
    "modId": "chisel",
    "version": "2.0.0+mc1.21.1"
  },
  "cleanswing-1.9.jar": {
    "jarName": "cleanswing-1.9.jar",
    "modId": "cleanswing",
    "version": "1.9"
  },
  "cloth-config-15.0.140-neoforge.jar": {
    "jarName": "cloth-config-15.0.140-neoforge.jar",
    "modId": "cloth_config",
    "version": "15.0.140"
  },
  "CloudGlass-1.21.1-1.0.1.jar": {
    "jarName": "CloudGlass-1.21.1-1.0.1.jar",
    "modId": "cloudglass",
    "version": "1.0.1"
  },
  "Clumps-neoforge-1.21.1-19.0.0.1.jar": {
    "jarName": "Clumps-neoforge-1.21.1-19.0.0.1.jar",
    "modId": "clumps",
    "version": "19.0.0.1"
  },
  "cobblegengalore-1.21.1-0.2.7.jar": {
    "jarName": "cobblegengalore-1.21.1-0.2.7.jar",
    "modId": "cobblegengalore",
    "version": "1.21.1-0.2.7"
  },
  "cobweb-neoforge-1.21-1.3.3.jar": {
    "jarName": "cobweb-neoforge-1.21-1.3.3.jar",
    "modId": "cobweb",
    "version": "1.3.3"
  },
  "CodeChickenLib-1.21.1-4.6.1.524.jar": {
    "jarName": "CodeChickenLib-1.21.1-4.6.1.524.jar",
    "modId": "codechickenlib",
    "version": "4.6.1.524"
  },
  "colorfulhearts-neoforge-1.21.1-10.5.9.jar": {
    "jarName": "colorfulhearts-neoforge-1.21.1-10.5.9.jar",
    "modId": "colorfulhearts",
    "version": "10.5.9"
  },
  "comforts-neoforge-9.0.4+1.21.1.jar": {
    "jarName": "comforts-neoforge-9.0.4+1.21.1.jar",
    "modId": "comforts",
    "version": "9.0.4+1.21.1"
  },
  "commoncapabilities-1.21.1-neoforge-2.9.12.jar": {
    "jarName": "commoncapabilities-1.21.1-neoforge-2.9.12.jar",
    "modId": "commoncapabilities",
    "version": "2.9.12"
  },
  "compactmachines-neoforge-7.0.22.jar": {
    "jarName": "compactmachines-neoforge-7.0.22.jar",
    "modId": "compactmachines",
    "version": "7.0.22"
  },
  "connectedglass-1.1.14-neoforge-mc1.21.jar": {
    "jarName": "connectedglass-1.1.14-neoforge-mc1.21.jar",
    "modId": "connectedglass",
    "version": "1.1.14"
  },
  "connectivity-1.21.1-7.1.jar": {
    "jarName": "connectivity-1.21.1-7.1.jar",
    "modId": "connectivity",
    "version": "7.1"
  },
  "ConstructionSticks-1.21.1-1.2.3.jar": {
    "jarName": "ConstructionSticks-1.21.1-1.2.3.jar",
    "modId": "constructionstick",
    "version": "1.2.3"
  },
  "Controlling-neoforge-1.21.1-19.0.5.jar": {
    "jarName": "Controlling-neoforge-1.21.1-19.0.5.jar",
    "modId": "controlling",
    "version": "19.0.5"
  },
  "cookingforblockheads-neoforge-1.21.1-21.1.16.jar": {
    "jarName": "cookingforblockheads-neoforge-1.21.1-21.1.16.jar",
    "modId": "cookingforblockheads",
    "version": "21.1.16"
  },
  "Corgilib-NeoForge-1.21.1-5.0.0.7.jar": {
    "jarName": "Corgilib-NeoForge-1.21.1-5.0.0.7.jar",
    "modId": "corgilib",
    "version": "5.0.0.7"
  },
  "cosmeticarmorreworked-1.21.1-v1-neoforge.jar": {
    "jarName": "cosmeticarmorreworked-1.21.1-v1-neoforge.jar",
    "modId": "cosmeticarmorreworked",
    "version": "1.21.1-v1-neoforge"
  },
  "crafting_on_a_stick-1.21.0.2.jar": {
    "jarName": "crafting_on_a_stick-1.21.0.2.jar",
    "modId": "crafting_on_a_stick",
    "version": "1.21.0.2"
  },
  "craftingtweaks-neoforge-1.21.1-21.1.6.jar": {
    "jarName": "craftingtweaks-neoforge-1.21.1-21.1.6.jar",
    "modId": "craftingtweaks",
    "version": "21.1.6"
  },
  "CrashAssistant-neoforge-1.20.6-1.21.4-1.9.15.jar": {
    "jarName": "CrashAssistant-neoforge-1.20.6-1.21.4-1.9.15.jar",
    "modId": "crash_assistant",
    "version": "1.9.15"
  },
  "crashutilities-9.0.4.jar": {
    "jarName": "crashutilities-9.0.4.jar",
    "modId": "crashutilities",
    "version": "9.0.4"
  },
  "create-1.21.1-6.0.6.jar": {
    "jarName": "create-1.21.1-6.0.6.jar",
    "modId": "create",
    "version": "6.0.6"
  },
  "create-dragons-plus-1.6.1.jar": {
    "jarName": "create-dragons-plus-1.6.1.jar",
    "modId": "create_dragons_plus",
    "version": "1.6.1"
  },
  "create-enchantment-industry-2.1.7.jar": {
    "jarName": "create-enchantment-industry-2.1.7.jar",
    "modId": "create_enchantment_industry",
    "version": "2.1.7"
  },
  "create_aquatic_ambitions-1.21.1-2.0.1.jar": {
    "jarName": "create_aquatic_ambitions-1.21.1-2.0.1.jar",
    "modId": "create_aquatic_ambitions",
    "version": "1.21.1-2.0.1"
  },
  "create_hypertube-0.2.5-NEOFORGE.jar": {
    "jarName": "create_hypertube-0.2.5-NEOFORGE.jar",
    "modId": "create_hypertube",
    "version": "0.2.5"
  },
  "createaddition-1.5.2.jar": {
    "jarName": "createaddition-1.5.2.jar",
    "modId": "createaddition",
    "version": "1.5.2"
  },
  "CreeperOverhaul-neoforge-1.21.1-4.0.6.jar": {
    "jarName": "CreeperOverhaul-neoforge-1.21.1-4.0.6.jar",
    "modId": "creeperoverhaul",
    "version": "4.0.6"
  },
  "cristellib-neoforge-1.2.8.jar": {
    "jarName": "cristellib-neoforge-1.2.8.jar",
    "modId": "cristellib",
    "version": "1.2.8"
  },
  "cryonicconfig-neoforge-1.0.0+mc1.21.8.jar": {
    "jarName": "cryonicconfig-neoforge-1.0.0+mc1.21.8.jar",
    "modId": "cryonicconfig",
    "version": "1.0.0+mc1.21.8"
  },
  "crystalix-1.5.2_neoforge_1.21.1.jar": {
    "jarName": "crystalix-1.5.2_neoforge_1.21.1.jar",
    "modId": "crystalix",
    "version": "1.5.2"
  },
  "CTM-1.21-1.2.1+3.jar": {
    "jarName": "CTM-1.21-1.2.1+3.jar",
    "modId": "ctm",
    "version": "1.21-1.2.1+3"
  },
  "Cucumber-1.21.1-8.0.14.jar": {
    "jarName": "Cucumber-1.21.1-8.0.14.jar",
    "modId": "cucumber",
    "version": "8.0.14"
  },
  "cupboard-1.21-2.9.jar": {
    "jarName": "cupboard-1.21-2.9.jar",
    "modId": "cupboard",
    "version": "2.9"
  },
  "curios-neoforge-9.5.1+1.21.1.jar": {
    "jarName": "curios-neoforge-9.5.1+1.21.1.jar",
    "modId": "curios",
    "version": "9.5.1+1.21.1"
  },
  "cyclopscore-1.21.1-neoforge-1.26.2-808.jar": {
    "jarName": "cyclopscore-1.21.1-neoforge-1.26.2-808.jar",
    "modId": "cyclopscore",
    "version": "1.26.2"
  },
  "darkmodeeverywhere-1.21-1.3.5.jar": {
    "jarName": "darkmodeeverywhere-1.21-1.3.5.jar",
    "modId": "darkmodeeverywhere",
    "version": "1.21-1.3.5"
  },
  "deeperdarker-neoforge-1.21.1-1.3.5.jar": {
    "jarName": "deeperdarker-neoforge-1.21.1-1.3.5.jar",
    "modId": "deeperdarker",
    "version": "1.3.5"
  },
  "deimos-1.21.1-neoforge-2.2.jar": {
    "jarName": "deimos-1.21.1-neoforge-2.2.jar",
    "modId": "deimos",
    "version": "2.2"
  },
  "DimStorage-1.21.1-9.1.0.jar": {
    "jarName": "DimStorage-1.21.1-9.1.0.jar",
    "modId": "dimstorage",
    "version": "9.1.0"
  },
  "disenchanting_table-merged-1.21.1-5.0.2.jar": {
    "jarName": "disenchanting_table-merged-1.21.1-5.0.2.jar",
    "modId": "disenchanting_table",
    "version": "5.0.2"
  },
  "domum-ornamentum-1.0.221-snapshot-main.jar": {
    "jarName": "domum-ornamentum-1.0.221-snapshot-main.jar",
    "modId": "domum_ornamentum",
    "version": "1.0.221-snapshot"
  },
  "Draconic-Evolution-1.21.1-3.1.3.625.jar": {
    "jarName": "Draconic-Evolution-1.21.1-3.1.3.625.jar",
    "modId": "draconicevolution",
    "version": "3.1.3.625"
  },
  "dummmmmmy-1.21-2.0.9-neoforge.jar": {
    "jarName": "dummmmmmy-1.21-2.0.9-neoforge.jar",
    "modId": "dummmmmmy",
    "version": "1.21-2.0.9"
  },
  "DungeonCrawl-NeoForge-1.21-2.3.15.jar": {
    "jarName": "DungeonCrawl-NeoForge-1.21-2.3.15.jar",
    "modId": "dungeoncrawl",
    "version": "2.3.15"
  },
  "DungeonsArise-1.21.x-2.1.64-release.jar": {
    "jarName": "DungeonsArise-1.21.x-2.1.64-release.jar",
    "modId": "dungeons_arise",
    "version": "2.1.64"
  },
  "dyenamics-1.21.1-3.4.1.jar": {
    "jarName": "dyenamics-1.21.1-3.4.1.jar",
    "modId": "dyenamics",
    "version": "1.21.1-3.4.1"
  },
  "dyenamicsandfriends-1.21.1-2.1.7.jar": {
    "jarName": "dyenamicsandfriends-1.21.1-2.1.7.jar",
    "modId": "dyenamicsandfriends",
    "version": "1.21.1-2.1.7"
  },
  "easy-villagers-neoforge-1.21.1-1.1.35.jar": {
    "jarName": "easy-villagers-neoforge-1.21.1-1.1.35.jar",
    "modId": "easy_villagers",
    "version": "1.21.1-1.1.35"
  },
  "EdivadLib-1.21-3.0.0.jar": {
    "jarName": "EdivadLib-1.21-3.0.0.jar",
    "modId": "edivadlib",
    "version": "3.0.0"
  },
  "elevatorid-neoforge-1.21.1-1.11.4.jar": {
    "jarName": "elevatorid-neoforge-1.21.1-1.11.4.jar",
    "modId": "elevatorid",
    "version": "1.21.1-1.11.4"
  },
  "embeddium-1.0.15+mc1.21.1.jar": {
    "jarName": "embeddium-1.0.15+mc1.21.1.jar",
    "modId": "embeddium",
    "version": "1.0.15+mc1.21.1"
  },
  "enchdesc-neoforge-1.21.1-21.1.8.jar": {
    "jarName": "enchdesc-neoforge-1.21.1-21.1.8.jar",
    "modId": "enchdesc",
    "version": "21.1.8"
  },
  "enderdrives-neoforge-1.21.1-1.4.3.jar": {
    "jarName": "enderdrives-neoforge-1.21.1-1.4.3.jar",
    "modId": "enderdrives",
    "version": "1.4.3"
  },
  "enderio-7.1.8-alpha.jar": {
    "jarName": "enderio-7.1.8-alpha.jar",
    "modId": "enderio",
    "version": "7.1.8-alpha"
  },
  "endermanoverhaul-neoforge-1.21.1-2.0.2.jar": {
    "jarName": "endermanoverhaul-neoforge-1.21.1-2.0.2.jar",
    "modId": "endermanoverhaul",
    "version": "2.0.2"
  },
  "EnderStorage-1.21.1-2.13.0.191.jar": {
    "jarName": "EnderStorage-1.21.1-2.13.0.191.jar",
    "modId": "enderstorage",
    "version": "2.13.0.191"
  },
  "entangled-1.3.20a-neoforge-mc1.21.jar": {
    "jarName": "entangled-1.3.20a-neoforge-mc1.21.jar",
    "modId": "entangled",
    "version": "1.3.20+a"
  },
  "eternalstarlight-0.5.1+1.21.1+neoforge.jar": {
    "jarName": "eternalstarlight-0.5.1+1.21.1+neoforge.jar",
    "modId": "eternal_starlight",
    "version": "0.5.1+1.21.1+neoforge"
  },
  "EuphoriaPatcher-1.6.5-r5.5.1-neoforge.jar": {
    "jarName": "EuphoriaPatcher-1.6.5-r5.5.1-neoforge.jar",
    "modId": "euphoria_patcher",
    "version": "1.6.5-r5.5.1-neoforge"
  },
  "everythingcopper-1.21.1-2.4.3.jar": {
    "jarName": "everythingcopper-1.21.1-2.4.3.jar",
    "modId": "everythingcopper",
    "version": "1.21.1-2.4.3"
  },
  "evilcraft-1.21.1-neoforge-1.2.78.jar": {
    "jarName": "evilcraft-1.21.1-neoforge-1.2.78.jar",
    "modId": "evilcraft",
    "version": "1.2.78"
  },
  "expandedae-2.1.1.jar": {
    "jarName": "expandedae-2.1.1.jar",
    "modId": "expandedae",
    "version": "2.1.1"
  },
  "experiencelib-1.21.1-1.1.1.jar": {
    "jarName": "experiencelib-1.21.1-1.1.1.jar",
    "modId": "experiencelib",
    "version": "1.1.1"
  },
  "ExplorersCompass-1.21.1-3.0.3-neoforge.jar": {
    "jarName": "ExplorersCompass-1.21.1-3.0.3-neoforge.jar",
    "modId": "explorerscompass",
    "version": "1.21.1-3.0.3-neoforge"
  },
  "Explorify v1.6.2 f10-48.jar": {
    "jarName": "Explorify v1.6.2 f10-48.jar",
    "modId": "explorify",
    "version": "1.6.2"
  },
  "extended-industrialization-1.15.2-1.21.1.jar": {
    "jarName": "extended-industrialization-1.15.2-1.21.1.jar",
    "modId": "extended_industrialization",
    "version": "1.15.2-1.21.1"
  },
  "ExtendedAE-1.21-2.2.18-neoforge.jar": {
    "jarName": "ExtendedAE-1.21-2.2.18-neoforge.jar",
    "modId": "extendedae",
    "version": "1.21-2.2.18-neoforge"
  },
  "ExtraDisks-1.21.1-4.0.13.jar": {
    "jarName": "ExtraDisks-1.21.1-4.0.13.jar",
    "modId": "extradisks",
    "version": "1.21.1-4.0.13"
  },
  "ExtraStorage-1.21.1-5.0.6.jar": {
    "jarName": "ExtraStorage-1.21.1-5.0.6.jar",
    "modId": "extrastorage",
    "version": "5.0.6"
  },
  "ExtremeReactors2-1.21.1-2.4.24.jar": {
    "jarName": "ExtremeReactors2-1.21.1-2.4.24.jar",
    "modId": "bigreactors",
    "version": "1.21.1-2.4.24"
  },
  "ExtremeSoundMuffler-3.51_NeoForge-1.21.jar": {
    "jarName": "ExtremeSoundMuffler-3.51_NeoForge-1.21.jar",
    "modId": "extremesoundmuffler",
    "version": "3.51"
  },
  "factory_blocks-neoforge-1.4.0+mc1.21.1.jar": {
    "jarName": "factory_blocks-neoforge-1.4.0+mc1.21.1.jar",
    "modId": "factory_blocks",
    "version": "1.4.0+mc1.21.1"
  },
  "FarmersDelight-1.21.1-1.2.9.jar": {
    "jarName": "FarmersDelight-1.21.1-1.2.9.jar",
    "modId": "farmersdelight",
    "version": "1.2.9"
  },
  "farmingforblockheads-neoforge-1.21.1-21.1.8.jar": {
    "jarName": "farmingforblockheads-neoforge-1.21.1-21.1.8.jar",
    "modId": "farmingforblockheads",
    "version": "21.1.8"
  },
  "FastFurnace-1.21.1-9.0.1.jar": {
    "jarName": "FastFurnace-1.21.1-9.0.1.jar",
    "modId": "fastfurnace",
    "version": "9.0.1"
  },
  "FastSuite-1.21.1-6.0.5.jar": {
    "jarName": "FastSuite-1.21.1-6.0.5.jar",
    "modId": "fastsuite",
    "version": "6.0.5"
  },
  "FastWorkbench-1.21.1-9.1.3.jar": {
    "jarName": "FastWorkbench-1.21.1-9.1.3.jar",
    "modId": "fastbench",
    "version": "9.1.3"
  },
  "ferritecore-7.0.2-neoforge.jar": {
    "jarName": "ferritecore-7.0.2-neoforge.jar",
    "modId": "ferritecore",
    "version": "7.0.2"
  },
  "fireproofboats-1.21.1-1.0.4.jar": {
    "jarName": "fireproofboats-1.21.1-1.0.4.jar",
    "modId": "fireproofboats",
    "version": "1.21.1-1.0.4"
  },
  "flickerfix-1.21.0.jar": {
    "jarName": "flickerfix-1.21.0.jar",
    "modId": "flickerfix",
    "version": "4.0.1"
  },
  "FluxNetworks-1.21.1-8.0.0.jar": {
    "jarName": "FluxNetworks-1.21.1-8.0.0.jar",
    "modId": "fluxnetworks",
    "version": "8.0.0"
  },
  "forbidden_arcanus-2.6.1.jar": {
    "jarName": "forbidden_arcanus-2.6.1.jar",
    "modId": "forbidden_arcanus",
    "version": "2.6.1"
  },
  "formations-1.0.4-neoforge-mc1.21.jar": {
    "jarName": "formations-1.0.4-neoforge-mc1.21.jar",
    "modId": "formations",
    "version": "1.0.4"
  },
  "formationsnether-1.0.5-mc1.21+.jar": {
    "jarName": "formationsnether-1.0.5-mc1.21+.jar",
    "modId": "formationsnether",
    "version": "1.0.5"
  },
  "formationsoverworld-1.0.5-mc1.21+.jar": {
    "jarName": "formationsoverworld-1.0.5-mc1.21+.jar",
    "modId": "formationsoverworld",
    "version": "1.0.5"
  },
  "FramedBlocks-10.4.0.jar": {
    "jarName": "FramedBlocks-10.4.0.jar",
    "modId": "framedblocks",
    "version": "10.4.0"
  },
  "framework-neoforge-1.21.1-0.9.6.jar": {
    "jarName": "framework-neoforge-1.21.1-0.9.6.jar",
    "modId": "framework",
    "version": "0.9.6"
  },
  "ftb-chunks-neoforge-2101.1.10.jar": {
    "jarName": "ftb-chunks-neoforge-2101.1.10.jar",
    "modId": "ftbchunks",
    "version": "2101.1.10"
  },
  "ftb-essentials-neoforge-2101.1.6.jar": {
    "jarName": "ftb-essentials-neoforge-2101.1.6.jar",
    "modId": "ftbessentials",
    "version": "2101.1.6"
  },
  "ftb-filter-system-neoforge-21.1.3.jar": {
    "jarName": "ftb-filter-system-neoforge-21.1.3.jar",
    "modId": "ftbfiltersystem",
    "version": "21.1.3"
  },
  "ftb-jei-extras-21.1.7.jar": {
    "jarName": "ftb-jei-extras-21.1.7.jar",
    "modId": "ftbjeiextras",
    "version": "21.1.7"
  },
  "ftb-library-neoforge-2101.1.19.jar": {
    "jarName": "ftb-library-neoforge-2101.1.19.jar",
    "modId": "ftblibrary",
    "version": "2101.1.19"
  },
  "ftb-quests-neoforge-2101.1.14.jar": {
    "jarName": "ftb-quests-neoforge-2101.1.14.jar",
    "modId": "ftbquests",
    "version": "2101.1.14"
  },
  "ftb-ranks-neoforge-2101.1.3.jar": {
    "jarName": "ftb-ranks-neoforge-2101.1.3.jar",
    "modId": "ftbranks",
    "version": "2101.1.3"
  },
  "ftb-teams-neoforge-2101.1.3.jar": {
    "jarName": "ftb-teams-neoforge-2101.1.3.jar",
    "modId": "ftbteams",
    "version": "2101.1.3"
  },
  "ftb-ultimine-neoforge-2101.1.8.jar": {
    "jarName": "ftb-ultimine-neoforge-2101.1.8.jar",
    "modId": "ftbultimine",
    "version": "2101.1.8"
  },
  "ftb-xmod-compat-neoforge-21.1.5.jar": {
    "jarName": "ftb-xmod-compat-neoforge-21.1.5.jar",
    "modId": "ftbxmodcompat",
    "version": "21.1.5"
  },
  "ftbquestslangsplitter-1.0.3.jar": {
    "jarName": "ftbquestslangsplitter-1.0.3.jar",
    "modId": "ftbquestslangsplitter",
    "version": "1.0.3"
  },
  "fuelgoeshere-1.21.1-1.2.0.jar": {
    "jarName": "fuelgoeshere-1.21.1-1.2.0.jar",
    "modId": "fuelgoeshere",
    "version": "1.21.1-1.2.0"
  },
  "functionalstorage-1.21.1-1.5.3.jar": {
    "jarName": "functionalstorage-1.21.1-1.5.3.jar",
    "modId": "functionalstorage",
    "version": "1.21.1-1.5.3"
  },
  "fusion-1.2.11-neoforge-mc1.21.jar": {
    "jarName": "fusion-1.2.11-neoforge-mc1.21.jar",
    "modId": "fusion",
    "version": "1.2.11"
  },
  "fzzy_config-0.7.2+1.21+neoforge.jar": {
    "jarName": "fzzy_config-0.7.2+1.21+neoforge.jar",
    "modId": "fzzy_config",
    "version": "0.7.2+1.21+neoforge"
  },
  "GatewaysToEternity-1.21.1-5.0.4.jar": {
    "jarName": "GatewaysToEternity-1.21.1-5.0.4.jar",
    "modId": "gateways",
    "version": "5.0.4"
  },
  "geckolib-neoforge-1.21.1-4.7.6.jar": {
    "jarName": "geckolib-neoforge-1.21.1-4.7.6.jar",
    "modId": "geckolib",
    "version": "4.7.6"
  },
  "generatorgalore-1.21.1-1.6.3.jar": {
    "jarName": "generatorgalore-1.21.1-1.6.3.jar",
    "modId": "generatorgalore",
    "version": "1.21.1-1.6.3"
  },
  "getittogetherdrops-neoforge-1.21.5-1.4.jar": {
    "jarName": "getittogetherdrops-neoforge-1.21.5-1.4.jar",
    "modId": "getittogetherdrops",
    "version": "1.4"
  },
  "Glassential-renewed-neoforge-1.21.1-3.2.1.jar": {
    "jarName": "Glassential-renewed-neoforge-1.21.1-3.2.1.jar",
    "modId": "glassential",
    "version": "3.2.1"
  },
  "Glodium-1.21-2.2-neoforge.jar": {
    "jarName": "Glodium-1.21-2.2-neoforge.jar",
    "modId": "glodium",
    "version": "1.21-2.2-neoforge"
  },
  "GravitationalModulatingAdditionalUnit-1.21.1-6.4.jar": {
    "jarName": "GravitationalModulatingAdditionalUnit-1.21.1-6.4.jar",
    "modId": "gmut",
    "version": "6.4"
  },
  "guideme-21.1.14.jar": {
    "jarName": "guideme-21.1.14.jar",
    "modId": "guideme",
    "version": "21.1.14"
  },
  "handcrafted-neoforge-1.21.1-4.0.3.jar": {
    "jarName": "handcrafted-neoforge-1.21.1-4.0.3.jar",
    "modId": "handcrafted",
    "version": "4.0.3"
  },
  "hardenedarmadillos-1.21.1-0.2.0.jar": {
    "jarName": "hardenedarmadillos-1.21.1-0.2.0.jar",
    "modId": "hardenedarmadillos",
    "version": "1.21.1-0.2.0"
  },
  "herbsandharvest-1.21.1-1.jar": {
    "jarName": "herbsandharvest-1.21.1-1.jar",
    "modId": "herbsandharvest",
    "version": "1.0.0"
  },
  "heyberryshutup-1.21.0-2.0.4.jar": {
    "jarName": "heyberryshutup-1.21.0-2.0.4.jar",
    "modId": "heyberryshutup",
    "version": "1.21.0-2.0.4"
  },
  "HostileNeuralNetworks-1.21.1-6.3.0.jar": {
    "jarName": "HostileNeuralNetworks-1.21.1-6.3.0.jar",
    "modId": "hostilenetworks",
    "version": "6.3.0"
  },
  "hyperbox-1.21-6.0.0.1.jar": {
    "jarName": "hyperbox-1.21-6.0.0.1.jar",
    "modId": "hyperbox",
    "version": "6.0.0.1"
  },
  "IceAndFireCE-1.1-1.21.1-neoforge.jar": {
    "jarName": "IceAndFireCE-1.1-1.21.1-neoforge.jar",
    "modId": "iceandfire",
    "version": "1.1"
  },
  "Iceberg-1.21.1-neoforge-1.3.2.jar": {
    "jarName": "Iceberg-1.21.1-neoforge-1.3.2.jar",
    "modId": "iceberg",
    "version": "1.3.2"
  },
  "illagerwarship-1.0.1-neoforge-1.21.1.jar": {
    "jarName": "illagerwarship-1.0.1-neoforge-1.21.1.jar",
    "modId": "illagerwarship",
    "version": "1.0.1"
  },
  "imfast-NEOFORGE-1.0.2.jar": {
    "jarName": "imfast-NEOFORGE-1.0.2.jar",
    "modId": "imfast",
    "version": "1.0.2"
  },
  "ImmediatelyFast-NeoForge-1.6.6+1.21.1.jar": {
    "jarName": "ImmediatelyFast-NeoForge-1.6.6+1.21.1.jar",
    "modId": "immediatelyfast",
    "version": "1.6.6+1.21.1"
  },
  "Immersive-Energistics-1.1.0-beta.jar": {
    "jarName": "Immersive-Energistics-1.1.0-beta.jar",
    "modId": "immeng",
    "version": "1.1.0-beta"
  },
  "ImmersiveEngineering-1.21.1-12.4.2-194.jar": {
    "jarName": "ImmersiveEngineering-1.21.1-12.4.2-194.jar",
    "modId": "immersiveengineering",
    "version": "12.4.2-194"
  },
  "incontrol-1.21-10.1.3.jar": {
    "jarName": "incontrol-1.21-10.1.3.jar",
    "modId": "incontrol",
    "version": "1.21-10.1.3"
  },
  "industrial-foregoing-souls-1.21.1-1.10.4.jar": {
    "jarName": "industrial-foregoing-souls-1.21.1-1.10.4.jar",
    "modId": "industrialforegoingsouls",
    "version": "1.10.4"
  },
  "industrialforegoing-1.21-3.6.34.jar": {
    "jarName": "industrialforegoing-1.21-3.6.34.jar",
    "modId": "industrialforegoing",
    "version": "1.21-3.6.34"
  },
  "industrialization_overdrive-1.10.1+1.21.1.jar": {
    "jarName": "industrialization_overdrive-1.10.1+1.21.1.jar",
    "modId": "industrialization_overdrive",
    "version": "1.10.1+1.21.1"
  },
  "integratedcrafting-1.21.1-neoforge-1.2.3-349.jar": {
    "jarName": "integratedcrafting-1.21.1-neoforge-1.2.3-349.jar",
    "modId": "integratedcrafting",
    "version": "1.2.3"
  },
  "integrateddynamics-1.21.1-neoforge-1.27.9-1308.jar": {
    "jarName": "integrateddynamics-1.21.1-neoforge-1.27.9-1308.jar",
    "modId": "integrateddynamics",
    "version": "1.27.9"
  },
  "integratedscripting-1.21.1-neoforge-1.0.18-283.jar": {
    "jarName": "integratedscripting-1.21.1-neoforge-1.0.18-283.jar",
    "modId": "integratedscripting",
    "version": "1.0.18"
  },
  "integratedterminals-1.21.1-neoforge-1.6.15.jar": {
    "jarName": "integratedterminals-1.21.1-neoforge-1.6.15.jar",
    "modId": "integratedterminals",
    "version": "1.6.15"
  },
  "integratedtunnels-1.21.1-neoforge-1.8.44-481.jar": {
    "jarName": "integratedtunnels-1.21.1-neoforge-1.8.44-481.jar",
    "modId": "integratedtunnels",
    "version": "1.8.44"
  },
  "interdimensionalwirelesstransmitter-neoforge-1.21.1-0.1.5.jar": {
    "jarName": "interdimensionalwirelesstransmitter-neoforge-1.21.1-0.1.5.jar",
    "modId": "interdimensionalwirelesstransmitter",
    "version": "1.21.1-0.1.5"
  },
  "invtweaks-1.21.1-1.3.2.jar": {
    "jarName": "invtweaks-1.21.1-1.3.2.jar",
    "modId": "invtweaks",
    "version": "1.21.1-1.3.2"
  },
  "iris-neoforge-1.8.12+mc1.21.1.jar": {
    "jarName": "iris-neoforge-1.8.12+mc1.21.1.jar",
    "modId": "iris",
    "version": "1.8.12-snapshot+mc1.21.1-local"
  },
  "ironfurnaces-neoforge-1.21.1-4.3.1.jar": {
    "jarName": "ironfurnaces-neoforge-1.21.1-4.3.1.jar",
    "modId": "ironfurnaces",
    "version": "4.3.1"
  },
  "IronJetpacks-1.21.1-8.0.10.jar": {
    "jarName": "IronJetpacks-1.21.1-8.0.10.jar",
    "modId": "ironjetpacks",
    "version": "8.0.10"
  },
  "irons_jewelry-1.21.1-1.5.2.jar": {
    "jarName": "irons_jewelry-1.21.1-1.5.2.jar",
    "modId": "irons_jewelry",
    "version": "1.21.1-1.5.2"
  },
  "irons_spellbooks-1.21.1-3.14.2.jar": {
    "jarName": "irons_spellbooks-1.21.1-3.14.2.jar",
    "modId": "irons_spellbooks",
    "version": "1.21.1-3.14.2"
  },
  "itemcollectors-1.1.10-neoforge-mc1.21.jar": {
    "jarName": "itemcollectors-1.1.10-neoforge-mc1.21.jar",
    "modId": "itemcollectors",
    "version": "1.1.10"
  },
  "Jade-1.21.1-NeoForge-15.10.3.jar": {
    "jarName": "Jade-1.21.1-NeoForge-15.10.3.jar",
    "modId": "jade",
    "version": "15.10.3+neoforge"
  },
  "jearchaeology-1.21.1-1.1.6.jar": {
    "jarName": "jearchaeology-1.21.1-1.1.6.jar",
    "modId": "jearchaeology",
    "version": "1.21.1-1.1.6"
  },
  "jei-1.21.1-neoforge-19.22.0.315.jar": {
    "jarName": "jei-1.21.1-neoforge-19.22.0.315.jar",
    "modId": "jei",
    "version": "19.22.0.315"
  },
  "journeymap-neoforge-1.21.1-6.0.0-beta.52.jar": {
    "jarName": "journeymap-neoforge-1.21.1-6.0.0-beta.52.jar",
    "modId": "journeymap",
    "version": "1.21.1-6.0.0-beta.52"
  },
  "jumpboat-1.21.0-1.0.5.jar": {
    "jarName": "jumpboat-1.21.0-1.0.5.jar",
    "modId": "jumpboat",
    "version": "1.21.0-1.0.5"
  },
  "Jupiter-2.2.2-neoforge.jar": {
    "jarName": "Jupiter-2.2.2-neoforge.jar",
    "modId": "jupiter",
    "version": "2.2.2"
  },
  "justdirethings-1.5.5.jar": {
    "jarName": "justdirethings-1.5.5.jar",
    "modId": "justdirethings",
    "version": "1.5.5"
  },
  "justenoughbreeding-neoforge-1.21-1.21.1-1.6.2.jar": {
    "jarName": "justenoughbreeding-neoforge-1.21-1.21.1-1.6.2.jar",
    "modId": "justenoughbreeding",
    "version": "1.6.2"
  },
  "JustEnoughMekanismMultiblocks-1.21.1-7.7.jar": {
    "jarName": "JustEnoughMekanismMultiblocks-1.21.1-7.7.jar",
    "modId": "jei_mekanism_multiblocks",
    "version": "7.7"
  },
  "JustEnoughProfessions-neoforge-1.21.1-4.0.4.jar": {
    "jarName": "JustEnoughProfessions-neoforge-1.21.1-4.0.4.jar",
    "modId": "justenoughprofessions",
    "version": "4.0.4"
  },
  "justzoom_neoforge_2.1.0_MC_1.21.1.jar": {
    "jarName": "justzoom_neoforge_2.1.0_MC_1.21.1.jar",
    "modId": "justzoom",
    "version": "2.1.0"
  },
  "keybindbundles-1.3.1.jar": {
    "jarName": "keybindbundles-1.3.1.jar",
    "modId": "keybindbundles",
    "version": "1.3.1"
  },
  "keybindspurger-1.21.x-neoforge-1.3.3.jar": {
    "jarName": "keybindspurger-1.21.x-neoforge-1.3.3.jar",
    "modId": "keybindspurger",
    "version": "1.3.3"
  },
  "konkrete_neoforge_1.9.9_MC_1.21.jar": {
    "jarName": "konkrete_neoforge_1.9.9_MC_1.21.jar",
    "modId": "konkrete",
    "version": "1.9.9"
  },
  "kotlinforforge-5.9.0-all.jar": {
    "jarName": "kotlinforforge-5.9.0-all.jar"
  },
  "kubejs-neoforge-2101.7.1-build.181.jar": {
    "jarName": "kubejs-neoforge-2101.7.1-build.181.jar",
    "modId": "kubejs",
    "version": "2101.7.1-build.181"
  },
  "kubejstweaks-0.0.6-beta.jar": {
    "jarName": "kubejstweaks-0.0.6-beta.jar",
    "modId": "kubejstweaks",
    "version": "0.0.6-beta"
  },
  "L_Ender\u0027s Cataclysm 1.21.1-3.16.jar": {
    "jarName": "L_Ender\u0027s Cataclysm 1.21.1-3.16.jar",
    "modId": "cataclysm",
    "version": "3.16"
  },
  "laserbridges-1.21.1-neoforge-5.jar": {
    "jarName": "laserbridges-1.21.1-neoforge-5.jar",
    "modId": "laserbridges",
    "version": "5"
  },
  "laserio-1.9.11.jar": {
    "jarName": "laserio-1.9.11.jar",
    "modId": "laserio",
    "version": "1.9.11"
  },
  "LegendaryTooltips-1.21.1-neoforge-1.5.5.jar": {
    "jarName": "LegendaryTooltips-1.21.1-neoforge-1.5.5.jar",
    "modId": "legendarytooltips",
    "version": "1.5.5"
  },
  "lionfishapi-2.6.jar": {
    "jarName": "lionfishapi-2.6.jar",
    "modId": "lionfishapi",
    "version": "2.6"
  },
  "lithostitched-neoforge-1.21.1-1.4.11.jar": {
    "jarName": "lithostitched-neoforge-1.21.1-1.4.11.jar",
    "modId": "lithostitched",
    "version": "1.4.11"
  },
  "little-big-redstone-1.4.2-beta-1.21.1.jar": {
    "jarName": "little-big-redstone-1.4.2-beta-1.21.1.jar",
    "modId": "little_big_redstone",
    "version": "1.4.2-beta-1.21.1"
  },
  "livingthings-neoforge-1.21.1-2.3.0.jar": {
    "jarName": "livingthings-neoforge-1.21.1-2.3.0.jar",
    "modId": "livingthings",
    "version": "1.21.1-2.3.0"
  },
  "lmft-1.0.4+1.21-neoforge.jar": {
    "jarName": "lmft-1.0.4+1.21-neoforge.jar",
    "modId": "lmft",
    "version": "1.0.4+1.21"
  },
  "lootr-neoforge-1.21-1.10.35.91.jar": {
    "jarName": "lootr-neoforge-1.21-1.10.35.91.jar",
    "modId": "lootr",
    "version": "1.21-1.10.35.91"
  },
  "luminax-1.3.0_neoforge_1.21.1.jar": {
    "jarName": "luminax-1.3.0_neoforge_1.21.1.jar",
    "modId": "luminax",
    "version": "1.3.0"
  },
  "mahoutsukai-1.21.0-v1.35.42.jar": {
    "jarName": "mahoutsukai-1.21.0-v1.35.42.jar",
    "modId": "mahoutsukai",
    "version": "1.21.0-v1.35.42"
  },
  "mcjtylib-1.21-9.0.12.jar": {
    "jarName": "mcjtylib-1.21-9.0.12.jar",
    "modId": "mcjtylib",
    "version": "1.21-9.0.12"
  },
  "mcw-bridges-3.1.1-mc1.21.1neoforge.jar": {
    "jarName": "mcw-bridges-3.1.1-mc1.21.1neoforge.jar",
    "modId": "mcwbridges",
    "version": "3.1.1"
  },
  "mcw-doors-1.1.2-mc1.21.1neoforge.jar": {
    "jarName": "mcw-doors-1.1.2-mc1.21.1neoforge.jar",
    "modId": "mcwdoors",
    "version": "1.1.2"
  },
  "mcw-fences-1.2.0-1.21.1neoforge.jar": {
    "jarName": "mcw-fences-1.2.0-1.21.1neoforge.jar",
    "modId": "mcwfences",
    "version": "1.2.0"
  },
  "mcw-furniture-3.3.0-mc1.21.1neoforge.jar": {
    "jarName": "mcw-furniture-3.3.0-mc1.21.1neoforge.jar",
    "modId": "mcwfurnitures",
    "version": "3.3.0"
  },
  "mcw-holidays-1.1.0-mc1.21.1neoforge.jar": {
    "jarName": "mcw-holidays-1.1.0-mc1.21.1neoforge.jar",
    "modId": "mcwholidays",
    "version": "1.1.0"
  },
  "mcw-lights-1.1.2-mc1.21.1neoforge.jar": {
    "jarName": "mcw-lights-1.1.2-mc1.21.1neoforge.jar",
    "modId": "mcwlights",
    "version": "1.1.2"
  },
  "mcw-paths-1.1.0neoforge-mc1.21.1.jar": {
    "jarName": "mcw-paths-1.1.0neoforge-mc1.21.1.jar",
    "modId": "mcwpaths",
    "version": "1.1.0"
  },
  "mcw-roofs-2.3.2-mc1.21.1neoforge.jar": {
    "jarName": "mcw-roofs-2.3.2-mc1.21.1neoforge.jar",
    "modId": "mcwroofs",
    "version": "2.3.2"
  },
  "mcw-stairs-1.0.1-1.21.1neoforge.jar": {
    "jarName": "mcw-stairs-1.0.1-1.21.1neoforge.jar",
    "modId": "mcwstairs",
    "version": "1.0.1"
  },
  "mcw-trapdoors-1.1.4-mc1.21.1neoforge.jar": {
    "jarName": "mcw-trapdoors-1.1.4-mc1.21.1neoforge.jar",
    "modId": "mcwtrpdoors",
    "version": "1.1.4"
  },
  "mcw-windows-2.4.0-1.21.1neoforge.jar": {
    "jarName": "mcw-windows-2.4.0-1.21.1neoforge.jar",
    "modId": "mcwwindows",
    "version": "2.4.0"
  },
  "Measurements-neoforge-1.21.1-3.0.1.jar": {
    "jarName": "Measurements-neoforge-1.21.1-3.0.1.jar",
    "modId": "measurements",
    "version": "3.0.1"
  },
  "megacells-4.10.1.jar": {
    "jarName": "megacells-4.10.1.jar",
    "modId": "megacells",
    "version": "4.10.1"
  },
  "Mekanism-1.21.1-10.7.15.81.jar": {
    "jarName": "Mekanism-1.21.1-10.7.15.81.jar",
    "modId": "mekanism",
    "version": "10.7.15"
  },
  "mekanismcovers-1.3-BETA+1.21.jar": {
    "jarName": "mekanismcovers-1.3-BETA+1.21.jar",
    "modId": "mekanismcovers",
    "version": "1.3-BETA+1.21"
  },
  "MekanismGenerators-1.21.1-10.7.15.81.jar": {
    "jarName": "MekanismGenerators-1.21.1-10.7.15.81.jar",
    "modId": "mekanismgenerators",
    "version": "10.7.15"
  },
  "MekanismTools-1.21.1-10.7.15.81.jar": {
    "jarName": "MekanismTools-1.21.1-10.7.15.81.jar",
    "modId": "mekanismtools",
    "version": "10.7.15"
  },
  "mekanisticrouters-1.1.1.jar": {
    "jarName": "mekanisticrouters-1.1.1.jar",
    "modId": "mekanisticrouters",
    "version": "1.1.1"
  },
  "mekmm-1.21.1-1.0.4.1.jar": {
    "jarName": "mekmm-1.21.1-1.0.4.1.jar",
    "modId": "mekmm",
    "version": "1.21.1-1.0.4.1"
  },
  "memorysettings-1.21-5.9.jar": {
    "jarName": "memorysettings-1.21-5.9.jar",
    "modId": "memorysettings",
    "version": "5.9"
  },
  "merequester-neoforge-1.21.1-1.2.0.jar": {
    "jarName": "merequester-neoforge-1.21.1-1.2.0.jar",
    "modId": "merequester",
    "version": "1.21.1-1.2.0"
  },
  "merrymaking-1.21.1-8.jar": {
    "jarName": "merrymaking-1.21.1-8.jar",
    "modId": "merrymaking",
    "version": "1.0.0"
  },
  "mes-1.4.6-1.21.jar": {
    "jarName": "mes-1.4.6-1.21.jar",
    "modId": "mes",
    "version": "1.4.6-1.21"
  },
  "mffs-5.4.17.jar": {
    "jarName": "mffs-5.4.17.jar",
    "modId": "mffs",
    "version": "5.4.17"
  },
  "mifa-neoforge-1.21.x-2.1.0.jar": {
    "jarName": "mifa-neoforge-1.21.x-2.1.0.jar",
    "modId": "mifa",
    "version": "2.1.0"
  },
  "minecolonies-1.1.1099-1.21.1-snapshot.jar": {
    "jarName": "minecolonies-1.1.1099-1.21.1-snapshot.jar",
    "modId": "minecolonies",
    "version": "1.1.1099-1.21.1-snapshot"
  },
  "mininggadgets-1.18.6.jar": {
    "jarName": "mininggadgets-1.18.6.jar",
    "modId": "mininggadgets",
    "version": "1.18.6"
  },
  "mns-1.0.8-1.21.jar": {
    "jarName": "mns-1.0.8-1.21.jar",
    "modId": "mns",
    "version": "1.0.8-1.21"
  },
  "mob_grinding_utils-1.1.10+mc1.21.1.jar": {
    "jarName": "mob_grinding_utils-1.1.10+mc1.21.1.jar",
    "modId": "mob_grinding_utils",
    "version": "1.1.10+mc1.21.1"
  },
  "modelfix-1.21-1.10.jar": {
    "jarName": "modelfix-1.21-1.10.jar",
    "modId": "modelfix",
    "version": "1.21-1.10"
  },
  "Modern-Dynamics-0.9.6.jar": {
    "jarName": "Modern-Dynamics-0.9.6.jar",
    "modId": "moderndynamics",
    "version": "0.9.6"
  },
  "Modern-Industrialization-2.3.10.jar": {
    "jarName": "Modern-Industrialization-2.3.10.jar",
    "modId": "modern_industrialization",
    "version": "2.3.10"
  },
  "modernfix-neoforge-5.24.3+mc1.21.1.jar": {
    "jarName": "modernfix-neoforge-5.24.3+mc1.21.1.jar",
    "modId": "modernfix",
    "version": "5.24.3+mc1.21.1"
  },
  "modonomicon-1.21.1-neoforge-1.115.1.jar": {
    "jarName": "modonomicon-1.21.1-neoforge-1.115.1.jar",
    "modId": "modonomicon",
    "version": "1.115.1"
  },
  "modular-routers-13.2.3+mc1.21.1.jar": {
    "jarName": "modular-routers-13.2.3+mc1.21.1.jar",
    "modId": "modularrouters",
    "version": "13.2.3"
  },
  "modular_machinery_reborn-1.21.1-2.3.2.jar": {
    "jarName": "modular_machinery_reborn-1.21.1-2.3.2.jar",
    "modId": "modular_machinery_reborn",
    "version": "2.3.2"
  },
  "modular_machinery_reborn_ars-1.21.1-2.0.3.jar": {
    "jarName": "modular_machinery_reborn_ars-1.21.1-2.0.3.jar",
    "modId": "modular_machinery_reborn_ars",
    "version": "2.0.3"
  },
  "modular_machinery_reborn_mekanism-1.21.1-2.0.6.jar": {
    "jarName": "modular_machinery_reborn_mekanism-1.21.1-2.0.6.jar",
    "modId": "modular_machinery_reborn_mekanism",
    "version": "2.0.6"
  },
  "monocle-0.2.2.ms.jar": {
    "jarName": "monocle-0.2.2.ms.jar",
    "modId": "monocle_locator",
    "version": "0.2.2.ms"
  },
  "monolib-neoforge-1.21.1-2.1.0.jar": {
    "jarName": "monolib-neoforge-1.21.1-2.1.0.jar",
    "modId": "monolib",
    "version": "2.1.0"
  },
  "moonlight-1.21-2.22.2-neoforge.jar": {
    "jarName": "moonlight-1.21-2.22.2-neoforge.jar",
    "modId": "moonlight",
    "version": "1.21-2.22.2"
  },
  "moredragoneggs-5.0.jar": {
    "jarName": "moredragoneggs-5.0.jar",
    "modId": "moredragoneggs",
    "version": "5.0"
  },
  "moreoverlays-1.24.1-mc1.21.1-neoforge.jar": {
    "jarName": "moreoverlays-1.24.1-mc1.21.1-neoforge.jar",
    "modId": "moreoverlays",
    "version": "1.24.1"
  },
  "morered-1.21.1-6.0.0.3.jar": {
    "jarName": "morered-1.21.1-6.0.0.3.jar",
    "modId": "morered",
    "version": "6.0.0.3"
  },
  "MoreRed-CCT-Compat-1.21.1-1.3.0.jar": {
    "jarName": "MoreRed-CCT-Compat-1.21.1-1.3.0.jar",
    "modId": "moreredxcctcompat",
    "version": "1.21.1-1.3.0"
  },
  "mostructures-neoforge-1.6.0+1.21.1.jar": {
    "jarName": "mostructures-neoforge-1.6.0+1.21.1.jar",
    "modId": "mostructures",
    "version": "1.6.0+1.21.1"
  },
  "MouseTweaks-neoforge-mc1.21-2.26.1.jar": {
    "jarName": "MouseTweaks-neoforge-mc1.21-2.26.1.jar",
    "modId": "mousetweaks",
    "version": "2.26.1"
  },
  "mss-1.3.5-1.21.jar": {
    "jarName": "mss-1.3.5-1.21.jar",
    "modId": "mss",
    "version": "1.3.5-1.21"
  },
  "multipiston-1.2.57-1.21.1.jar": {
    "jarName": "multipiston-1.2.57-1.21.1.jar",
    "modId": "multipiston",
    "version": "1.2.57-1.21.1"
  },
  "mvs-4.3.0-1.21.jar": {
    "jarName": "mvs-4.3.0-1.21.jar",
    "modId": "mvs",
    "version": "4.3.0-1.21"
  },
  "MysticalAgradditions-1.21.1-8.0.9.jar": {
    "jarName": "MysticalAgradditions-1.21.1-8.0.9.jar",
    "modId": "mysticalagradditions",
    "version": "8.0.9"
  },
  "MysticalAgriculture-1.21.1-8.0.19.jar": {
    "jarName": "MysticalAgriculture-1.21.1-8.0.19.jar",
    "modId": "mysticalagriculture",
    "version": "8.0.19"
  },
  "MysticalCustomization-1.21.1-6.0.0.jar": {
    "jarName": "MysticalCustomization-1.21.1-6.0.0.jar",
    "modId": "mysticalcustomization",
    "version": "6.0.0"
  },
  "NaturesAura-41.7.jar": {
    "jarName": "NaturesAura-41.7.jar",
    "modId": "naturesaura",
    "version": "41.7"
  },
  "NaturesCompass-1.21.1-3.0.3-neoforge.jar": {
    "jarName": "NaturesCompass-1.21.1-3.0.3-neoforge.jar",
    "modId": "naturescompass",
    "version": "1.21.1-3.0.2-neoforge"
  },
  "NeoAuth-1.21.1-1.0.0.jar": {
    "jarName": "NeoAuth-1.21.1-1.0.0.jar",
    "modId": "neo_auth",
    "version": "1.0.0"
  },
  "netherportalfix-neoforge-1.21.1-21.1.1.jar": {
    "jarName": "netherportalfix-neoforge-1.21.1-21.1.1.jar",
    "modId": "netherportalfix",
    "version": "21.1.1"
  },
  "NoChatReports-NEOFORGE-1.21.1-v2.9.1.jar": {
    "jarName": "NoChatReports-NEOFORGE-1.21.1-v2.9.1.jar",
    "modId": "nochatreports",
    "version": "1.21.1-v2.9.1"
  },
  "nolijium-0.5.6.jar": {
    "jarName": "nolijium-0.5.6.jar",
    "modId": "nolijium",
    "version": "0.5.6"
  },
  "not_enough_glyphs-1.21.1-4.2.2.0.jar": {
    "jarName": "not_enough_glyphs-1.21.1-4.2.2.0.jar",
    "modId": "not_enough_glyphs",
    "version": "4.2.2.0"
  },
  "notenoughanimations-neoforge-1.10.1-mc1.21.jar": {
    "jarName": "notenoughanimations-neoforge-1.10.1-mc1.21.jar",
    "modId": "notenoughanimations",
    "version": "1.10.1"
  },
  "novillagerdm-1.21.1-6.0.0.jar": {
    "jarName": "novillagerdm-1.21.1-6.0.0.jar",
    "modId": "novillagerdm",
    "version": "6.0.0"
  },
  "Nullscape_1.21.x_v1.2.12.jar": {
    "jarName": "Nullscape_1.21.x_v1.2.12.jar",
    "modId": "nullscape",
    "version": "1.2.12"
  },
  "observable-5.4.4.jar": {
    "jarName": "observable-5.4.4.jar",
    "modId": "observable",
    "version": "5.4.4"
  },
  "occultism-1.21.1-neoforge-1.190.0.jar": {
    "jarName": "occultism-1.21.1-neoforge-1.190.0.jar",
    "modId": "occultism",
    "version": "1.190.0"
  },
  "occultism_kubejs-1.21.1-neoforge-1.8.0.jar": {
    "jarName": "occultism_kubejs-1.21.1-neoforge-1.8.0.jar",
    "modId": "occultism_kubejs",
    "version": "1.8.0"
  },
  "OctoLib-NEOFORGE-0.5.0.1.jar": {
    "jarName": "OctoLib-NEOFORGE-0.5.0.1.jar",
    "modId": "octolib",
    "version": "0.5.0.1"
  },
  "Oh-The-Biomes-Weve-Gone-NeoForge-2.4.6.jar": {
    "jarName": "Oh-The-Biomes-Weve-Gone-NeoForge-2.4.6.jar",
    "modId": "biomeswevegone",
    "version": "2.4.6"
  },
  "Oh-The-Trees-Youll-Grow-neoforge-1.21.1-5.0.14.jar": {
    "jarName": "Oh-The-Trees-Youll-Grow-neoforge-1.21.1-5.0.14.jar",
    "modId": "ohthetreesyoullgrow",
    "version": "5.0.14"
  },
  "omegaconfig-neoforge-1.5.1.jar": {
    "jarName": "omegaconfig-neoforge-1.5.1.jar",
    "modId": "omegaconfig",
    "version": "1.5.1"
  },
  "OpenLoader-neoforge-1.21.1-21.1.5.jar": {
    "jarName": "OpenLoader-neoforge-1.21.1-21.1.5.jar",
    "modId": "openloader",
    "version": "21.1.5"
  },
  "oracle_index-neoforge-0.4.1.jar": {
    "jarName": "oracle_index-neoforge-0.4.1.jar",
    "modId": "oracle_index",
    "version": "0.4.1"
  },
  "oritech-neoforge-0.17.3.jar": {
    "jarName": "oritech-neoforge-0.17.3.jar",
    "modId": "oritech",
    "version": "0.17.3"
  },
  "overloadedarmorbar-neoforge-1.21-2.jar": {
    "jarName": "overloadedarmorbar-neoforge-1.21-2.jar",
    "modId": "overloadedarmorbar",
    "version": "2"
  },
  "owo-lib-neoforge-0.12.15.5-beta.1+1.21.jar": {
    "jarName": "owo-lib-neoforge-0.12.15.5-beta.1+1.21.jar",
    "modId": "owo",
    "version": "0.12.15.5-beta.1+1.21"
  },
  "PackMenu-1.21.1-7.0.4.jar": {
    "jarName": "PackMenu-1.21.1-7.0.4.jar",
    "modId": "packmenu",
    "version": "7.0.4"
  },
  "pamhc2crops-NEOFORGE-1.21.1-1.0.0.jar": {
    "jarName": "pamhc2crops-NEOFORGE-1.21.1-1.0.0.jar",
    "modId": "pamhc2crops",
    "version": "1.0.0"
  },
  "pamhc2foodcore-NEOFORGE-1.21.1-1.0.4.jar": {
    "jarName": "pamhc2foodcore-NEOFORGE-1.21.1-1.0.4.jar",
    "modId": "pamhc2foodcore",
    "version": "1.0.4"
  },
  "pamhc2foodextended-NEOFORGE-1.21.1-1.0.0.jar": {
    "jarName": "pamhc2foodextended-NEOFORGE-1.21.1-1.0.0.jar",
    "modId": "pamhc2foodextended",
    "version": "1.0.0"
  },
  "pamhc2trees-NEOFORGE-1.21.1-1.0.4.jar": {
    "jarName": "pamhc2trees-NEOFORGE-1.21.1-1.0.4.jar",
    "modId": "pamhc2trees",
    "version": "1.0.4"
  },
  "Patchouli-1.21.1-92-NEOFORGE.jar": {
    "jarName": "Patchouli-1.21.1-92-NEOFORGE.jar",
    "modId": "patchouli",
    "version": "1.21.1-92-NEOFORGE"
  },
  "pipez-neoforge-1.21.1-1.2.19.jar": {
    "jarName": "pipez-neoforge-1.21.1-1.2.19.jar",
    "modId": "pipez",
    "version": "1.21.1-1.2.19"
  },
  "Placebo-1.21.1-9.9.0.jar": {
    "jarName": "Placebo-1.21.1-9.9.0.jar",
    "modId": "placebo",
    "version": "9.9.0"
  },
  "player-animation-lib-forge-2.0.1+1.21.1.jar": {
    "jarName": "player-animation-lib-forge-2.0.1+1.21.1.jar",
    "modId": "playeranimator",
    "version": "2.0.1+1.21.1"
  },
  "pneumaticcraft-repressurized-8.2.13+mc1.21.1.jar": {
    "jarName": "pneumaticcraft-repressurized-8.2.13+mc1.21.1.jar",
    "modId": "pneumaticcraft",
    "version": "8.2.13"
  },
  "pocketstorage-1.2.5+1.21.1-b3.jar": {
    "jarName": "pocketstorage-1.2.5+1.21.1-b3.jar",
    "modId": "pocketstorage",
    "version": "1.2.5"
  },
  "polyeng-0.4.1.jar": {
    "jarName": "polyeng-0.4.1.jar",
    "modId": "polyeng",
    "version": "0.4.1"
  },
  "polylib-2100.0.3-build.172-neoforge.jar": {
    "jarName": "polylib-2100.0.3-build.172-neoforge.jar",
    "modId": "polylib",
    "version": "2100.0.3-build.172"
  },
  "polymorph-neoforge-1.1.0+1.21.1.jar": {
    "jarName": "polymorph-neoforge-1.1.0+1.21.1.jar",
    "modId": "polymorph",
    "version": "1.1.0+1.21.1"
  },
  "ponderjs-neoforge-1.21.1-2.1.3.jar": {
    "jarName": "ponderjs-neoforge-1.21.1-2.1.3.jar",
    "modId": "ponderjs",
    "version": "1.21.1-2.1.3"
  },
  "potionsmaster-21.1.113-0.7.1-packdev.jar": {
    "jarName": "potionsmaster-21.1.113-0.7.1-packdev.jar",
    "modId": "potionsmaster",
    "version": "0.7.1-packdev"
  },
  "Powah-6.2.6.jar": {
    "jarName": "Powah-6.2.6.jar",
    "modId": "powah",
    "version": "6.2.6"
  },
  "prickle-neoforge-1.21.1-21.1.10.jar": {
    "jarName": "prickle-neoforge-1.21.1-21.1.10.jar",
    "modId": "prickle",
    "version": "21.1.10"
  },
  "Prism-1.21.1-neoforge-1.0.11.jar": {
    "jarName": "Prism-1.21.1-neoforge-1.0.11.jar",
    "modId": "prism",
    "version": "1.0.11"
  },
  "productivebees-1.21.1-13.9.0.jar": {
    "jarName": "productivebees-1.21.1-13.9.0.jar",
    "modId": "productivebees",
    "version": "1.21.1-13.9.0"
  },
  "productivemetalworks-1.21.1-1.10.1.jar": {
    "jarName": "productivemetalworks-1.21.1-1.10.1.jar",
    "modId": "productivemetalworks",
    "version": "1.21.1-1.10.1"
  },
  "productivetrees-1.21.1-0.7.1.jar": {
    "jarName": "productivetrees-1.21.1-0.7.1.jar",
    "modId": "productivetrees",
    "version": "1.21.1-0.7.1"
  },
  "pylons-1.21.1-5.2.1.jar": {
    "jarName": "pylons-1.21.1-5.2.1.jar",
    "modId": "pylons",
    "version": "5.2.1"
  },
  "railcraft-reborn-1.21.1-1.2.7.jar": {
    "jarName": "railcraft-reborn-1.21.1-1.2.7.jar",
    "modId": "railcraft",
    "version": "1.2.7"
  },
  "Rainbows-1.21-1.5.jar": {
    "jarName": "Rainbows-1.21-1.5.jar",
    "modId": "rainbows",
    "version": "1.5"
  },
  "rangedpumps-1.3.0.jar": {
    "jarName": "rangedpumps-1.3.0.jar",
    "modId": "rangedpumps",
    "version": "1.3.0"
  },
  "rarcompat-1.21-0.9.6.jar": {
    "jarName": "rarcompat-1.21-0.9.6.jar",
    "modId": "rarcompat",
    "version": "0.9.6"
  },
  "reap-neoforge-1.21.1-1.1.2.jar": {
    "jarName": "reap-neoforge-1.21.1-1.1.2.jar",
    "modId": "reap",
    "version": "1.21.1-1.1.2"
  },
  "rebind_narrator-1.21.1-neoforge-2025.8.21.jar": {
    "jarName": "rebind_narrator-1.21.1-neoforge-2025.8.21.jar",
    "modId": "rebind_narrator",
    "version": "2025.8.21"
  },
  "rechiseled-1.1.6a-neoforge-mc1.21.jar": {
    "jarName": "rechiseled-1.1.6a-neoforge-mc1.21.jar",
    "modId": "rechiseled",
    "version": "1.1.6+a"
  },
  "rechiseled_chipped-1.3-1.21.1.jar": {
    "jarName": "rechiseled_chipped-1.3-1.21.1.jar",
    "modId": "rechiseled_chipped",
    "version": "1.3"
  },
  "rechiseledcreate-1.0.2a-neoforge-mc1.21.jar": {
    "jarName": "rechiseledcreate-1.0.2a-neoforge-mc1.21.jar",
    "modId": "rechiseledcreate",
    "version": "1.0.2+a"
  },
  "redstonepen-1.21-neoforge-1.11.42.jar": {
    "jarName": "redstonepen-1.21-neoforge-1.11.42.jar",
    "modId": "redstonepen",
    "version": "1.11.42"
  },
  "refined-types-1.21.1-0.1.3.jar": {
    "jarName": "refined-types-1.21.1-0.1.3.jar",
    "modId": "refinedtypes",
    "version": "1.21.1-0.1.3"
  },
  "refinedstorage-curios-integration-1.0.0.jar": {
    "jarName": "refinedstorage-curios-integration-1.0.0.jar",
    "modId": "refinedstorage_curios_integration",
    "version": "1.0.0"
  },
  "refinedstorage-jei-integration-neoforge-1.0.0.jar": {
    "jarName": "refinedstorage-jei-integration-neoforge-1.0.0.jar",
    "modId": "refinedstorage_jei_integration",
    "version": "1.0.0"
  },
  "refinedstorage-mekanism-integration-1.0.0.jar": {
    "jarName": "refinedstorage-mekanism-integration-1.0.0.jar",
    "modId": "refinedstorage_mekanism_integration",
    "version": "1.0.0"
  },
  "refinedstorage-neoforge-2.0.0-beta.10.jar": {
    "jarName": "refinedstorage-neoforge-2.0.0-beta.10.jar",
    "modId": "refinedstorage",
    "version": "2.0.0-beta.10"
  },
  "refinedstorage-quartz-arsenal-neoforge-1.0.5.jar": {
    "jarName": "refinedstorage-quartz-arsenal-neoforge-1.0.5.jar",
    "modId": "refinedstorage_quartz_arsenal",
    "version": "1.0.5"
  },
  "refurbished_furniture-neoforge-1.21.1-1.0.16.jar": {
    "jarName": "refurbished_furniture-neoforge-1.21.1-1.0.16.jar",
    "modId": "refurbished_furniture",
    "version": "1.0.16"
  },
  "regions_unexplored-neoforge-1.21.1-0.5.6.1.jar": {
    "jarName": "regions_unexplored-neoforge-1.21.1-0.5.6.1.jar",
    "modId": "regions_unexplored",
    "version": "0.5.6.1"
  },
  "relics-1.21.1-0.10.7.5.jar": {
    "jarName": "relics-1.21.1-0.10.7.5.jar",
    "modId": "relics",
    "version": "0.10.7.5"
  },
  "reliquary-1.21.1-2.0.58.1290.jar": {
    "jarName": "reliquary-1.21.1-2.0.58.1290.jar",
    "modId": "reliquary",
    "version": "2.0.58"
  },
  "repeatable_trial_vaults-neoforge-1.21-1.0.2.jar": {
    "jarName": "repeatable_trial_vaults-neoforge-1.21-1.0.2.jar",
    "modId": "repeatable_trial_vaults",
    "version": "1.0.2"
  },
  "repurposed_structures-7.5.17+1.21.1-neoforge.jar": {
    "jarName": "repurposed_structures-7.5.17+1.21.1-neoforge.jar",
    "modId": "repurposed_structures",
    "version": "7.5.17+1.21.1-neoforge"
  },
  "resourcefulconfig-neoforge-1.21-3.0.11.jar": {
    "jarName": "resourcefulconfig-neoforge-1.21-3.0.11.jar",
    "modId": "resourcefulconfig",
    "version": "3.0.11"
  },
  "resourcefullib-neoforge-1.21-3.0.12.jar": {
    "jarName": "resourcefullib-neoforge-1.21-3.0.12.jar",
    "modId": "resourcefullib",
    "version": "3.0.12"
  },
  "restrictions-1.21-7.0.3.jar": {
    "jarName": "restrictions-1.21-7.0.3.jar",
    "modId": "restrictions",
    "version": "1.21-7.0.3"
  },
  "rftoolsbase-1.21-6.0.8.jar": {
    "jarName": "rftoolsbase-1.21-6.0.8.jar",
    "modId": "rftoolsbase",
    "version": "1.21-6.0.8"
  },
  "rftoolsbuilder-1.21-7.0.3.jar": {
    "jarName": "rftoolsbuilder-1.21-7.0.3.jar",
    "modId": "rftoolsbuilder",
    "version": "1.21-7.0.3"
  },
  "rftoolspower-1.21-7.0.3.jar": {
    "jarName": "rftoolspower-1.21-7.0.3.jar",
    "modId": "rftoolspower",
    "version": "1.21-7.0.3"
  },
  "rftoolsstorage-1.21-6.0.3.jar": {
    "jarName": "rftoolsstorage-1.21-6.0.3.jar",
    "modId": "rftoolsstorage",
    "version": "1.21-6.0.3"
  },
  "rftoolsutility-1.21-7.0.8.jar": {
    "jarName": "rftoolsutility-1.21-7.0.8.jar",
    "modId": "rftoolsutility",
    "version": "1.21-7.0.8"
  },
  "rhino-2101.2.7-build.77.jar": {
    "jarName": "rhino-2101.2.7-build.77.jar",
    "modId": "rhino",
    "version": "2101.2.7-build.77"
  },
  "RootsClassic-1.21.1-1.5.5.jar": {
    "jarName": "RootsClassic-1.21.1-1.5.5.jar",
    "modId": "rootsclassic",
    "version": "1.21.1-1.5.5"
  },
  "sawmill-1.21-1.5.22-neoforge.jar": {
    "jarName": "sawmill-1.21-1.5.22-neoforge.jar",
    "modId": "sawmill",
    "version": "1.21-1.5.22"
  },
  "ScalableCatsForce-NeoForge-3.7.1-build-11-with-library.jar": {
    "jarName": "ScalableCatsForce-NeoForge-3.7.1-build-11-with-library.jar"
  },
  "Searchables-neoforge-1.21.1-1.0.2.jar": {
    "jarName": "Searchables-neoforge-1.21.1-1.0.2.jar",
    "modId": "searchables",
    "version": "1.0.2"
  },
  "sgearmetalworks-1.21.1-1.4.3.jar": {
    "jarName": "sgearmetalworks-1.21.1-1.4.3.jar",
    "modId": "sgearmetalworks",
    "version": "1.21.1-1.4.3"
  },
  "shiny-1.21.1-1.2.4.jar": {
    "jarName": "shiny-1.21.1-1.2.4.jar",
    "modId": "shiny",
    "version": "1.21.1-1.2.4"
  },
  "shrink-2.0.1.47-neoforge.jar": {
    "jarName": "shrink-2.0.1.47-neoforge.jar",
    "modId": "shrink",
    "version": "2.0.1.47"
  },
  "silent-gear-1.21.1-neoforge-4.0.28.jar": {
    "jarName": "silent-gear-1.21.1-neoforge-4.0.28.jar",
    "modId": "silentgear",
    "version": "4.0.28"
  },
  "silent-lib-1.21.1-neoforge-10.5.1.jar": {
    "jarName": "silent-lib-1.21.1-neoforge-10.5.1.jar",
    "modId": "silentlib",
    "version": "10.5.1"
  },
  "silentgems-1.21.1-neoforge-5.1.2.jar": {
    "jarName": "silentgems-1.21.1-neoforge-5.1.2.jar",
    "modId": "silentgems",
    "version": "5.1.2"
  },
  "simple_weather-1.0.13.jar": {
    "jarName": "simple_weather-1.0.13.jar",
    "modId": "simple_weather",
    "version": "1.0.13"
  },
  "SimpleBackups-1.21-4.0.19.jar": {
    "jarName": "SimpleBackups-1.21-4.0.19.jar",
    "modId": "simplebackups",
    "version": "1.21-4.0.19"
  },
  "simplemagnets-1.1.12c-neoforge-mc1.21.jar": {
    "jarName": "simplemagnets-1.1.12c-neoforge-mc1.21.jar",
    "modId": "simplemagnets",
    "version": "1.1.12+c"
  },
  "simplylight-1.5.3+1.21.1-b4.jar": {
    "jarName": "simplylight-1.5.3+1.21.1-b4.jar",
    "modId": "simplylight",
    "version": "1.5.3"
  },
  "SmartBrainLib-neoforge-1.21.1-1.16.10.jar": {
    "jarName": "SmartBrainLib-neoforge-1.21.1-1.16.10.jar",
    "modId": "smartbrainlib",
    "version": "1.16.10"
  },
  "smithingtemplateviewer-1.0.3.jar": {
    "jarName": "smithingtemplateviewer-1.0.3.jar",
    "modId": "smithingtemplateviewer",
    "version": "1.0.3"
  },
  "solcarrot-1.21.1-1.16.5.jar": {
    "jarName": "solcarrot-1.21.1-1.16.5.jar",
    "modId": "solcarrot",
    "version": "1.16.5"
  },
  "sophisticatedbackpacks-1.21.1-3.24.21.1314.jar": {
    "jarName": "sophisticatedbackpacks-1.21.1-3.24.21.1314.jar",
    "modId": "sophisticatedbackpacks",
    "version": "3.24.21"
  },
  "sophisticatedbackpackscreateintegration-1.21.1-0.1.3.13.jar": {
    "jarName": "sophisticatedbackpackscreateintegration-1.21.1-0.1.3.13.jar",
    "modId": "sophisticatedbackpackscreateintegration",
    "version": "0.1.3"
  },
  "sophisticatedcore-1.21.1-1.3.64.1090.jar": {
    "jarName": "sophisticatedcore-1.21.1-1.3.64.1090.jar",
    "modId": "sophisticatedcore",
    "version": "1.3.64"
  },
  "sophisticatedstorage-1.21.1-1.4.50.1235.jar": {
    "jarName": "sophisticatedstorage-1.21.1-1.4.50.1235.jar",
    "modId": "sophisticatedstorage",
    "version": "1.4.50"
  },
  "sophisticatedstoragecreateintegration-1.21.1-0.1.11.37.jar": {
    "jarName": "sophisticatedstoragecreateintegration-1.21.1-0.1.11.37.jar",
    "modId": "sophisticatedstoragecreateintegration",
    "version": "0.1.11"
  },
  "sophisticatedstorageinmotion-1.21.1-0.10.18.119.jar": {
    "jarName": "sophisticatedstorageinmotion-1.21.1-0.10.18.119.jar",
    "modId": "sophisticatedstorageinmotion",
    "version": "0.10.18"
  },
  "soulplied_energistics-1.0.2.jar": {
    "jarName": "soulplied_energistics-1.0.2.jar",
    "modId": "soulplied_energistics",
    "version": "1.0.2"
  },
  "spark-1.10.124-neoforge.jar": {
    "jarName": "spark-1.10.124-neoforge.jar",
    "modId": "spark",
    "version": "1.10.124"
  },
  "starbunclemania-1.21.1-1.4.0.1.jar": {
    "jarName": "starbunclemania-1.21.1-1.4.0.1.jar",
    "modId": "starbunclemania",
    "version": "1.4.0.1"
  },
  "stevescarts-1.21-1.2.16-neoforge.jar": {
    "jarName": "stevescarts-1.21-1.2.16-neoforge.jar",
    "modId": "stevescarts",
    "version": "1.2.16"
  },
  "storagedelight-25.06.24-1.21-neoforge.jar": {
    "jarName": "storagedelight-25.06.24-1.21-neoforge.jar",
    "modId": "storagedelight",
    "version": "25.06.24-1.21-neoforge"
  },
  "Structory_1.21.x_v1.3.11.jar": {
    "jarName": "Structory_1.21.x_v1.3.11.jar",
    "modId": "structory",
    "version": "1.3.12"
  },
  "Structory_Towers_1.21.x_v1.0.13.jar": {
    "jarName": "Structory_Towers_1.21.x_v1.0.13.jar",
    "modId": "structory_towers",
    "version": "1.0.13"
  },
  "structurize-1.0.787-1.21.1-snapshot.jar": {
    "jarName": "structurize-1.0.787-1.21.1-snapshot.jar",
    "modId": "structurize",
    "version": "1.0.787-1.21.1-snapshot"
  },
  "stylecolonies-1.15.26-1.21.1.jar": {
    "jarName": "stylecolonies-1.15.26-1.21.1.jar",
    "modId": "stylecolonies",
    "version": "1.15.26-1.21.1"
  },
  "Super Factory Manager (SFM)-MC1.21.1-4.23.0.jar": {
    "jarName": "Super Factory Manager (SFM)-MC1.21.1-4.23.0.jar",
    "modId": "sfm",
    "version": "4.23.0"
  },
  "supermartijn642configlib-1.1.8-neoforge-mc1.21.jar": {
    "jarName": "supermartijn642configlib-1.1.8-neoforge-mc1.21.jar",
    "modId": "supermartijn642configlib",
    "version": "1.1.8"
  },
  "supermartijn642corelib-1.1.18a-neoforge-mc1.21.jar": {
    "jarName": "supermartijn642corelib-1.1.18a-neoforge-mc1.21.jar",
    "modId": "supermartijn642corelib",
    "version": "1.1.18+a"
  },
  "supplementaries-1.21-3.4.9-neoforge.jar": {
    "jarName": "supplementaries-1.21-3.4.9-neoforge.jar",
    "modId": "supplementaries",
    "version": "1.21-3.4.9"
  },
  "sushigocrafting-1.21-0.6.5.jar": {
    "jarName": "sushigocrafting-1.21-0.6.5.jar",
    "modId": "sushigocrafting",
    "version": "0.6.5"
  },
  "sussysniffers-1.21.1-0.1.3.jar": {
    "jarName": "sussysniffers-1.21.1-0.1.3.jar",
    "modId": "sussysniffers",
    "version": "1.21.1-0.1.3"
  },
  "t_and_t-neoforge-fabric-1.13.2.jar": {
    "jarName": "t_and_t-neoforge-fabric-1.13.2.jar",
    "modId": "t_and_t",
    "version": "1.13.2"
  },
  "tempad-1.21.1-3.0.4-all.jar": {
    "jarName": "tempad-1.21.1-3.0.4-all.jar",
    "modId": "tempad",
    "version": "3.0.4"
  },
  "TerraBlender-neoforge-1.21.1-4.1.0.8.jar": {
    "jarName": "TerraBlender-neoforge-1.21.1-4.1.0.8.jar",
    "modId": "terrablender",
    "version": "4.1.0.8"
  },
  "tesseract-api-neoforge-1.8.17-1.21.1.jar": {
    "jarName": "tesseract-api-neoforge-1.8.17-1.21.1.jar",
    "modId": "tesseract_api",
    "version": "1.8.17-1.21.1"
  },
  "the_bumblezone-7.10.1+1.21.1-neoforge.jar": {
    "jarName": "the_bumblezone-7.10.1+1.21.1-neoforge.jar",
    "modId": "the_bumblezone",
    "version": "7.10.1+1.21.1-neoforge"
  },
  "The_Undergarden-1.21.1-0.9.3.jar": {
    "jarName": "The_Undergarden-1.21.1-0.9.3.jar",
    "modId": "undergarden",
    "version": "0.9.3"
  },
  "theurgy-1.21.1-neoforge-1.63.1.jar": {
    "jarName": "theurgy-1.21.1-neoforge-1.63.1.jar",
    "modId": "theurgy",
    "version": "1.63.1"
  },
  "theurgy_kubejs-1.21.1-neoforge-1.4.0.jar": {
    "jarName": "theurgy_kubejs-1.21.1-neoforge-1.4.0.jar",
    "modId": "theurgy_kubejs",
    "version": "1.4.0"
  },
  "tiab-neoforge-6.5.0.jar": {
    "jarName": "tiab-neoforge-6.5.0.jar",
    "modId": "tiab",
    "version": "6.5.0"
  },
  "titanium-1.21-4.0.40.jar": {
    "jarName": "titanium-1.21-4.0.40.jar",
    "modId": "titanium",
    "version": "4.0.40"
  },
  "ToastControl-1.21.1-9.0.1.jar": {
    "jarName": "ToastControl-1.21.1-9.0.1.jar",
    "modId": "toastcontrol",
    "version": "9.0.1"
  },
  "tombstone-neoforge-1.21.1-9.4.8.jar": {
    "jarName": "tombstone-neoforge-1.21.1-9.4.8.jar",
    "modId": "tombstone",
    "version": "9.4.8"
  },
  "ToolBelt-1.21.1-2.2.6.jar": {
    "jarName": "ToolBelt-1.21.1-2.2.6.jar",
    "modId": "toolbelt",
    "version": "2.2.6"
  },
  "torchmaster-neoforge-1.21.1-21.1.5-beta.jar": {
    "jarName": "torchmaster-neoforge-1.21.1-21.1.5-beta.jar",
    "modId": "torchmaster",
    "version": "21.1.5-beta"
  },
  "towntalk-1.2.0.jar": {
    "jarName": "towntalk-1.2.0.jar",
    "modId": "towntalk",
    "version": "1.2.0"
  },
  "transfer_labels-0.1.6.jar": {
    "jarName": "transfer_labels-0.1.6.jar",
    "modId": "transfer_labels",
    "version": "0.1.6"
  },
  "trashcans-1.0.18c-neoforge-mc1.21.jar": {
    "jarName": "trashcans-1.0.18c-neoforge-mc1.21.jar",
    "modId": "trashcans",
    "version": "1.0.18+c"
  },
  "trashslot-neoforge-1.21.1-21.1.4.jar": {
    "jarName": "trashslot-neoforge-1.21.1-21.1.4.jar",
    "modId": "trashslot",
    "version": "21.1.4"
  },
  "treetap-1.21.1-0.4.4.jar": {
    "jarName": "treetap-1.21.1-0.4.4.jar",
    "modId": "treetap",
    "version": "1.21.1-0.4.4"
  },
  "trophymanager-1.21.1-2.2.9.jar": {
    "jarName": "trophymanager-1.21.1-2.2.9.jar",
    "modId": "trophymanager",
    "version": "1.21.1-2.2.9"
  },
  "twilightforest-1.21.1-4.7.3196-universal.jar": {
    "jarName": "twilightforest-1.21.1-4.7.3196-universal.jar",
    "modId": "twilightforest",
    "version": "4.7.3196"
  },
  "UndergroundVillages-neoforge-1.21.1-4.0.3.jar": {
    "jarName": "UndergroundVillages-neoforge-1.21.1-4.0.3.jar",
    "modId": "underground_villages",
    "version": "4.0.3"
  },
  "universalgrid-neoforge-1.21.1-0.2.2.jar": {
    "jarName": "universalgrid-neoforge-1.21.1-0.2.2.jar",
    "modId": "universalgrid",
    "version": "1.21.1-0.2.2"
  },
  "uranus-2.3.1-1.21.1-neoforge.jar": {
    "jarName": "uranus-2.3.1-1.21.1-neoforge.jar",
    "modId": "uranus",
    "version": "2.3.1"
  },
  "utilitarian-1.21.1-0.16.0.jar": {
    "jarName": "utilitarian-1.21.1-0.16.0.jar",
    "modId": "utilitarian",
    "version": "1.21.1-0.16.0"
  },
  "utilityvest-1.0.2_neoforge_1.21.1.jar": {
    "jarName": "utilityvest-1.0.2_neoforge_1.21.1.jar",
    "modId": "utilityvest",
    "version": "1.0.2"
  },
  "valhelsia_core-neoforge-1.21.1-1.1.5.jar": {
    "jarName": "valhelsia_core-neoforge-1.21.1-1.1.5.jar",
    "modId": "valhelsia_core",
    "version": "1.1.5"
  },
  "variantsandventures-neoforge-1.0.17+mc1.21.1.jar": {
    "jarName": "variantsandventures-neoforge-1.0.17+mc1.21.1.jar",
    "modId": "variantsandventures",
    "version": "1.0.17"
  },
  "villagesandpillages-neoforge-mc1.21.1-1.0.3.jar": {
    "jarName": "villagesandpillages-neoforge-mc1.21.1-1.0.3.jar",
    "modId": "villagesandpillages",
    "version": "1.0.3"
  },
  "waystones-neoforge-1.21.1-21.1.22.jar": {
    "jarName": "waystones-neoforge-1.21.1-21.1.22.jar",
    "modId": "waystones",
    "version": "21.1.22"
  },
  "wirelesschargers-1.0.9a-neoforge-mc1.21.jar": {
    "jarName": "wirelesschargers-1.0.9a-neoforge-mc1.21.jar",
    "modId": "wirelesschargers",
    "version": "1.0.9+a"
  },
  "WitherSkeletonTweaks-1.21.1-10.1.1.jar": {
    "jarName": "WitherSkeletonTweaks-1.21.1-10.1.1.jar",
    "modId": "wstweaks",
    "version": "10.1.1"
  },
  "wits-1.3.0+1.21-neoforge.jar": {
    "jarName": "wits-1.3.0+1.21-neoforge.jar",
    "modId": "wits",
    "version": "1.3.0+1.21-neoforge"
  },
  "xnet-1.21-7.0.6.jar": {
    "jarName": "xnet-1.21-7.0.6.jar",
    "modId": "xnet",
    "version": "1.21-7.0.6"
  },
  "xtonesreworked-1.1.0-NF-1.21_21.0.167.jar": {
    "jarName": "xtonesreworked-1.1.0-NF-1.21_21.0.167.jar",
    "modId": "xtonesreworked",
    "version": "1.1.0"
  },
  "xycraft_core-0.7.53-all.jar": {
    "jarName": "xycraft_core-0.7.53-all.jar",
    "modId": "xycraft_core",
    "version": "0.7.53"
  },
  "xycraft_machines-0.7.53.jar": {
    "jarName": "xycraft_machines-0.7.53.jar",
    "modId": "xycraft_machines",
    "version": "0.7.53"
  },
  "xycraft_override-0.7.53.jar": {
    "jarName": "xycraft_override-0.7.53.jar",
    "modId": "xycraft_override",
    "version": "0.7.53"
  },
  "xycraft_world-0.7.53.jar": {
    "jarName": "xycraft_world-0.7.53.jar",
    "modId": "xycraft_world",
    "version": "0.7.53"
  },
  "yeetusexperimentus-neoforge-87.0.0.jar": {
    "jarName": "yeetusexperimentus-neoforge-87.0.0.jar",
    "modId": "yeetusexperimentus",
    "version": "87.0.0"
  },
  "yet_another_config_lib_v3-3.7.1+1.21.1-neoforge.jar": {
    "jarName": "yet_another_config_lib_v3-3.7.1+1.21.1-neoforge.jar",
    "modId": "yet_another_config_lib_v3",
    "version": "3.7.1+1.21.1-neoforge"
  },
  "YungsApi-1.21.1-NeoForge-5.1.6.jar": {
    "jarName": "YungsApi-1.21.1-NeoForge-5.1.6.jar",
    "modId": "yungsapi",
    "version": "1.21.1-NeoForge-5.1.6"
  },
  "YungsBetterDesertTemples-1.21.1-NeoForge-4.1.5.jar": {
    "jarName": "YungsBetterDesertTemples-1.21.1-NeoForge-4.1.5.jar",
    "modId": "betterdeserttemples",
    "version": "1.21.1-NeoForge-4.1.5"
  },
  "YungsBetterDungeons-1.21.1-NeoForge-5.1.4.jar": {
    "jarName": "YungsBetterDungeons-1.21.1-NeoForge-5.1.4.jar",
    "modId": "betterdungeons",
    "version": "1.21.1-NeoForge-5.1.4"
  },
  "YungsBetterEndIsland-1.21.1-NeoForge-3.1.2.jar": {
    "jarName": "YungsBetterEndIsland-1.21.1-NeoForge-3.1.2.jar",
    "modId": "betterendisland",
    "version": "1.21.1-NeoForge-3.1.2"
  },
  "YungsBetterJungleTemples-1.21.1-NeoForge-3.1.2.jar": {
    "jarName": "YungsBetterJungleTemples-1.21.1-NeoForge-3.1.2.jar",
    "modId": "betterjungletemples",
    "version": "1.21.1-NeoForge-3.1.2"
  },
  "YungsBetterMineshafts-1.21.1-NeoForge-5.1.1.jar": {
    "jarName": "YungsBetterMineshafts-1.21.1-NeoForge-5.1.1.jar",
    "modId": "bettermineshafts",
    "version": "1.21.1-NeoForge-5.1.1"
  },
  "YungsBetterNetherFortresses-1.21.1-NeoForge-3.1.5.jar": {
    "jarName": "YungsBetterNetherFortresses-1.21.1-NeoForge-3.1.5.jar",
    "modId": "betterfortresses",
    "version": "1.21.1-NeoForge-3.1.5"
  },
  "YungsBetterOceanMonuments-1.21.1-NeoForge-4.1.2.jar": {
    "jarName": "YungsBetterOceanMonuments-1.21.1-NeoForge-4.1.2.jar",
    "modId": "betteroceanmonuments",
    "version": "1.21.1-NeoForge-4.1.2"
  },
  "YungsBetterStrongholds-1.21.1-NeoForge-5.1.3.jar": {
    "jarName": "YungsBetterStrongholds-1.21.1-NeoForge-5.1.3.jar",
    "modId": "betterstrongholds",
    "version": "1.21.1-NeoForge-5.1.3"
  },
  "YungsBetterWitchHuts-1.21.1-NeoForge-4.1.1.jar": {
    "jarName": "YungsBetterWitchHuts-1.21.1-NeoForge-4.1.1.jar",
    "modId": "betterwitchhuts",
    "version": "1.21.1-NeoForge-4.1.1"
  },
  "YungsExtras-1.21.1-NeoForge-5.1.1.jar": {
    "jarName": "YungsExtras-1.21.1-NeoForge-5.1.1.jar",
    "modId": "yungsextras",
    "version": "1.21.1-NeoForge-5.1.1"
  },
  "ZeroCore2-1.21.1-2.4.18.jar": {
    "jarName": "ZeroCore2-1.21.1-2.4.18.jar",
    "modId": "zerocore",
    "version": "1.21.1-2.4.18"
  }
}